id,text,rating,sentiment,date,product,user_id,user_name,phone,kmeans_cluster,dbscan_cluster,pca_x,pca_y
245,"Не рекомендую фитнес-браслет, деньги на ветер.",2,0.0,2026-02-01 00:00:00,Фитнес-браслет Honor,user_014,Клиент_14,+79448177596,0,0,0.3634294,-1.0997734
165,"умные превзошёл ожидания, рекомендую всем.",4,1.0,2026-02-01 06:00:00,Умные часы Apple,user_005,Клиент_5,+79418764880,3,0,-0.7284479,-0.13610281
425,"фитнес-браслет превзошёл ожидания, рекомендую всем.",5,1.0,2026-02-01 13:00:00,Фитнес-браслет Honor,user_008,Клиент_8,+79589135136,3,0,-0.59933156,-0.30511904
378,"Лучший планшет из всех, что были у меня.",5,1.0,2026-02-01 17:00:00,Планшет Samsung,user_033,Клиент_33,+79902410788,1,0,1.3550053,1.83754
12,"Обычный ноутбук, без восторга и без жалоб.",3,,2026-02-01 19:00:00,Ноутбук Lenovo,user_032,Клиент_32,+79776983657,1,0,1.6370993,1.3228185
34,"Не покупайте умные, ужас.",1,0.0,2026-02-01 21:00:00,Умные часы Apple,user_022,Клиент_22,+79133719613,0,0,0.40648043,-1.4447476
52,"Кошмар, кофемашина пришёл с дефектом.",2,0.0,2026-02-01 23:00:00,Кофемашина DeLonghi,user_007,Клиент_7,+79592633213,2,0,0.45872334,-2.1981506
423,"Пользуюсь смартфон месяц, нареканий ноль.",4,1.0,2026-02-02 00:00:00,Смартфон Xiaomi,user_034,Клиент_34,+79102398573,1,0,2.229014,0.02715591
429,"Супер умные! За эти деньги — лучшее, что есть.",5,1.0,2026-02-02 07:00:00,Умные часы Apple,user_018,Клиент_18,+79536796083,3,0,-0.9454479,0.18099499
130,"электрочайник превзошёл ожидания, рекомендую всем.",4,1.0,2026-02-02 09:00:00,Электрочайник Bosch,user_040,Клиент_40,+79906660816,3,0,-0.5422059,-0.270919
171,"Обычный смартфон, без восторга и без жалоб.",3,,2026-02-03 03:00:00,Смартфон Xiaomi,user_005,Клиент_5,+79696581342,1,0,1.8754052,1.2480534
48,"Обычный фитнес-браслет, без восторга и без жалоб.",3,,2026-02-03 17:00:00,Фитнес-браслет Honor,user_004,Клиент_4,+79738433583,3,0,-0.17782865,-0.6136628
177,"Не покупайте умные, ужас.",1,0.0,2026-02-03 17:00:00,Умные часы Apple,user_014,Клиент_14,+79371171307,0,0,0.40648043,-1.4447476
208,"Идеальное соотношение цены и качества, ноутбук топ.",4,1.0,2026-02-03 18:00:00,Ноутбук Lenovo,user_002,Клиент_2,+79206430281,1,0,0.41000357,2.2361548
278,"Обычный фитнес-браслет, без восторга и без жалоб.",3,,2026-02-03 22:00:00,Фитнес-браслет Honor,user_028,Клиент_28,+79097778410,3,0,-0.17782865,-0.6136628
368,"Нормальный наушники, ничего особенного.",3,,2026-02-03 22:00:00,Наушники Sony,user_021,Клиент_21,+79399369569,0,0,0.39928,-0.7939122
141,"Замечательное качество, колонка работает безупречно.",5,1.0,2026-02-04 01:00:00,Колонка JBL,user_015,Клиент_15,+79941438286,3,0,-1.1045512,0.87226933
478,"Идеальное соотношение цены и качества, планшет топ.",5,1.0,2026-02-04 02:00:00,Планшет Samsung,user_012,Клиент_12,+79642200804,1,0,0.5191985,1.9764826
74,"Так себе покупка, ноутбук на троечку.",3,,2026-02-04 04:00:00,Ноутбук Lenovo,user_024,Клиент_24,+79685529743,1,0,0.997628,0.9334233
455,"Идеальное соотношение цены и качества, колонка топ.",5,1.0,2026-02-04 08:00:00,Колонка JBL,user_018,Клиент_18,+79955922889,3,0,-1.170133,1.0299276
97,"Купил робот-пылесос жене, она в восторге.",5,1.0,2026-02-04 10:00:00,Робот-пылесос Xiaomi,user_009,Клиент_9,+79112124312,4,0,-1.4729886,-0.49353775
404,"Великолепный планшет, упаковка целая, доставка быстрая.",5,1.0,2026-02-04 18:00:00,Планшет Samsung,user_039,Клиент_39,+79465864511,1,0,1.3402425,1.784498
511,"Прекрасная вещь, смартфон оправдал каждый рубль.",5,1.0,2026-02-04 21:00:00,Смартфон Xiaomi,user_001,Клиент_1,+79947565455,1,0,0.67936885,1.476841
161,"электрочайник превзошёл ожидания, рекомендую всем.",4,1.0,2026-02-04 22:00:00,Электрочайник Bosch,user_039,Клиент_39,+79731927024,3,0,-0.5422059,-0.270919
471,"Средненько, колонка работает, но есть нюансы.",3,,2026-02-04 22:00:00,Колонка JBL,user_005,Клиент_5,+79753162240,0,0,0.16021533,-1.0336592
201,"Нормальный планшет, ничего особенного.",3,,2026-02-05 00:00:00,Планшет Samsung,user_020,Клиент_20,+79089633990,1,0,1.6611637,0.4932709
506,"Пользуюсь электрочайник месяц, нареканий ноль.",5,1.0,2026-02-05 00:00:00,Электрочайник Bosch,user_004,Клиент_4,+79557380782,0,0,0.75105953,-1.268908
78,"кофемашина как кофемашина, ожидал большего.",3,,2026-02-05 02:00:00,Кофемашина DeLonghi,user_021,Клиент_21,+79612509473,2,0,-1.2686031,-1.1293005
531,"Замечательное качество, кофемашина работает безупречно.",5,1.0,2026-02-05 08:00:00,Кофемашина DeLonghi,user_030,Клиент_30,+79101646759,2,0,-1.6767716,0.4850846
61,"Не покупайте смартфон, ужас.",2,0.0,2026-02-05 10:00:00,Смартфон Xiaomi,user_024,Клиент_24,+79517126430,1,0,2.2989986,-0.42754287
169,"Купил умные жене, она в восторге.",5,1.0,2026-02-05 11:00:00,Умные часы Apple,user_019,Клиент_19,+79857404021,4,0,-1.835058,0.07083576
184,"Отличный ноутбук, очень доволен покупкой!",5,1.0,2026-02-05 14:00:00,Ноутбук Lenovo,user_007,Клиент_7,+79228626523,1,0,0.7953591,2.2295003
374,"Идеальное соотношение цены и качества, колонка топ.",4,1.0,2026-02-05 19:00:00,Колонка JBL,user_007,Клиент_7,+79746588597,3,0,-1.170133,1.0299276
163,"Нормальный электрочайник, ничего особенного.",3,,2026-02-05 20:00:00,Электрочайник Bosch,user_005,Клиент_5,+79624460539,0,0,0.18837252,-0.97108376
562,"Зря потратил деньги на колонка, верну по гарантии.",2,0.0,2026-02-05 21:00:00,Колонка JBL,user_038,Клиент_38,+79823294969,0,0,-0.30122367,-1.1406074
544,"Великолепный фитнес-браслет, упаковка целая, доставка быстрая.",4,1.0,2026-02-06 01:00:00,Фитнес-браслет Honor,user_020,Клиент_20,+79408654511,3,0,-0.5201999,0.22335543
264,"Не покупайте смартфон, ужас.",2,0.0,2026-02-06 09:00:00,Смартфон Xiaomi,user_028,Клиент_28,+79988683348,1,0,2.2989986,-0.42754287
396,"ноутбук как ноутбук, ожидал большего.",3,,2026-02-07 04:00:00,Ноутбук Lenovo,user_017,Клиент_17,+79788032756,1,0,1.4165176,0.50930095
125,"Отличный электрочайник, очень доволен покупкой!",4,1.0,2026-02-08 06:00:00,Электрочайник Bosch,user_010,Клиент_10,+79838592294,3,0,-0.94414073,0.3659001
206,"электрочайник превзошёл ожидания, рекомендую всем.",4,1.0,2026-02-08 06:00:00,Электрочайник Bosch,user_019,Клиент_19,+79151960007,3,0,-0.5422059,-0.270919
418,"робот-пылесос как робот-пылесос, ожидал большего.",3,,2026-02-08 13:00:00,Робот-пылесос Xiaomi,user_007,Клиент_7,+79506181303,0,0,-0.37999225,-1.6284198
585,"Обычный наушники, без восторга и без жалоб.",3,,2026-02-08 14:00:00,Наушники Sony,user_020,Клиент_20,+79828989854,3,0,0.12938206,-0.38620293
394,"Великолепный кофемашина, упаковка целая, доставка быстрая.",5,1.0,2026-02-08 18:00:00,Кофемашина DeLonghi,user_002,Клиент_2,+79624683986,2,0,-1.3370087,0.20622295
84,"Полное разочарование, колонка не работает как описано.",2,0.0,2026-02-08 22:00:00,Колонка JBL,user_023,Клиент_23,+79437637421,0,0,1.103861,-2.056132
539,"Пользуюсь ноутбук месяц, нареканий ноль.",5,1.0,2026-02-09 03:00:00,Ноутбук Lenovo,user_037,Клиент_37,+79917531308,1,0,1.901153,-0.11857592
106,"Брак с завода, колонка вернул обратно.",2,0.0,2026-02-09 07:00:00,Колонка JBL,user_025,Клиент_25,+79428070222,0,0,-0.18872595,-1.5899462
275,"Обычный робот-пылесос, без восторга и без жалоб.",3,,2026-02-09 09:00:00,Робот-пылесос Xiaomi,user_009,Клиент_9,+79104804605,0,0,-0.25088128,-1.0140226
199,"Нормальный колонка, ничего особенного.",3,,2026-02-09 11:00:00,Колонка JBL,user_031,Клиент_31,+79578929323,0,0,0.018299557,-0.91868275
571,"Хуже умные не видел, обманули с характеристиками.",1,0.0,2026-02-09 11:00:00,Умные часы Apple,user_027,Клиент_27,+79079959996,0,0,0.5302133,-1.875948
305,"Нормальный ноутбук, ничего особенного.",3,,2026-02-09 12:00:00,Ноутбук Lenovo,user_038,Клиент_38,+79194644946,1,0,1.4823613,0.63024753
459,"Отличный наушники, очень доволен покупкой!",4,1.0,2026-02-09 13:00:00,Наушники Sony,user_017,Клиент_17,+79009370948,3,0,-0.52923447,0.56525576
442,"Замечательное качество, ноутбук работает безупречно.",5,1.0,2026-02-09 16:00:00,Ноутбук Lenovo,user_026,Клиент_26,+79975880830,1,0,0.6676157,2.2934022
559,"Брак с завода, планшет вернул обратно.",2,0.0,2026-02-09 16:00:00,Планшет Samsung,user_010,Клиент_10,+79318529765,1,0,1.2858502,-0.46598175
205,"Купил умные жене, она в восторге.",4,1.0,2026-02-09 19:00:00,Умные часы Apple,user_034,Клиент_34,+79736550804,4,0,-1.835058,0.07083576
456,"Не рекомендую кофемашина, деньги на ветер.",2,0.0,2026-02-09 23:00:00,Кофемашина DeLonghi,user_008,Клиент_8,+79011700536,2,0,0.011910925,-1.0805006
252,"Великолепный смартфон, упаковка целая, доставка быстрая.",5,1.0,2026-02-10 02:00:00,Смартфон Xiaomi,user_028,Клиент_28,+79722064129,1,0,1.4866545,2.051494
29,"Отвратительная сборка, умные развалился сразу.",2,0.0,2026-02-10 04:00:00,Умные часы Apple,user_024,Клиент_24,+79782535336,0,0,0.81695026,-1.9431202
496,"Отвратительная сборка, ноутбук развалился сразу.",1,0.0,2026-02-10 08:00:00,Ноутбук Lenovo,user_024,Клиент_24,+79645011576,1,0,2.5895693,-0.6752829
410,"колонка превзошёл ожидания, рекомендую всем.",4,1.0,2026-02-10 22:00:00,Колонка JBL,user_039,Клиент_39,+79164615370,3,0,-0.6860952,-0.08540124
406,"Идеальное соотношение цены и качества, колонка топ.",4,1.0,2026-02-11 01:00:00,Колонка JBL,user_017,Клиент_17,+79517017611,3,0,-1.170133,1.0299276
117,"Прекрасная вещь, ноутбук оправдал каждый рубль.",4,1.0,2026-02-11 12:00:00,Ноутбук Lenovo,user_015,Клиент_15,+79499625861,1,0,0.39880526,1.4469551
493,"Не покупайте колонка, ужас.",2,0.0,2026-02-11 14:00:00,Колонка JBL,user_038,Клиент_38,+79649527436,0,0,0.41043687,-1.4701328
56,"Купил колонка жене, она в восторге.",4,1.0,2026-02-11 15:00:00,Колонка JBL,user_039,Клиент_39,+79853466687,4,0,-1.6615074,-0.1184661
81,"Хуже колонка не видел, обманули с характеристиками.",2,0.0,2026-02-11 17:00:00,Колонка JBL,user_004,Клиент_4,+79486920768,0,0,0.48546198,-1.7851654
263,"Лучший наушники из всех, что были у меня.",5,1.0,2026-02-11 18:00:00,Наушники Sony,user_004,Клиент_4,+79332586622,3,0,-0.5055064,0.11944477
345,"Средненько, умные работает, но есть нюансы.",3,,2026-02-12 00:00:00,Умные часы Apple,user_018,Клиент_18,+79693726681,0,0,0.01934106,-0.87093884
352,"Супер ноутбук! За эти деньги — лучшее, что есть.",5,1.0,2026-02-12 09:00:00,Ноутбук Lenovo,user_030,Клиент_30,+79268399757,3,0,-0.06873415,1.0657853
300,"Супер колонка! За эти деньги — лучшее, что есть.",4,1.0,2026-02-12 10:00:00,Колонка JBL,user_006,Клиент_6,+79118930876,3,0,-1.0183798,0.2040574
232,"Отвратительная сборка, умные развалился сразу.",2,0.0,2026-02-12 15:00:00,Умные часы Apple,user_030,Клиент_30,+79653745293,0,0,0.81695026,-1.9431202
112,"Пользуюсь электрочайник месяц, нареканий ноль.",5,1.0,2026-02-12 22:00:00,Электрочайник Bosch,user_035,Клиент_35,+79497600526,0,0,0.75105953,-1.268908
314,"Пользуюсь электрочайник месяц, нареканий ноль.",5,1.0,2026-02-12 23:00:00,Электрочайник Bosch,user_025,Клиент_25,+79834257659,0,0,0.75105953,-1.268908
444,"Идеальное соотношение цены и качества, кофемашина топ.",4,1.0,2026-02-13 06:00:00,Кофемашина DeLonghi,user_021,Клиент_21,+79331229921,2,0,-1.75171,0.7157398
401,"Лучший робот-пылесос из всех, что были у меня.",4,1.0,2026-02-13 07:00:00,Робот-пылесос Xiaomi,user_028,Клиент_28,+79617072752,3,0,-0.68923885,-0.62165344
529,"Великолепный фитнес-браслет, упаковка целая, доставка быстрая.",4,1.0,2026-02-13 10:00:00,Фитнес-браслет Honor,user_028,Клиент_28,+79958628997,3,0,-0.5201999,0.22335543
519,"Супер умные! За эти деньги — лучшее, что есть.",5,1.0,2026-02-13 17:00:00,Умные часы Apple,user_018,Клиент_18,+79097207855,3,0,-0.9454479,0.18099497
93,"смартфон как смартфон, ожидал большего.",3,,2026-02-13 20:00:00,Смартфон Xiaomi,user_032,Клиент_32,+79802783837,1,0,1.8395351,0.63540393
59,"Обычный фитнес-браслет, без восторга и без жалоб.",3,,2026-02-13 21:00:00,Фитнес-браслет Honor,user_037,Клиент_37,+79592489785,3,0,-0.17782865,-0.6136628
103,"Купил робот-пылесос жене, она в восторге.",4,1.0,2026-02-14 05:00:00,Робот-пылесос Xiaomi,user_038,Клиент_38,+79533712083,4,0,-1.4729886,-0.49353775
123,"Лучший планшет из всех, что были у меня.",4,1.0,2026-02-14 07:00:00,Планшет Samsung,user_008,Клиент_8,+79249163931,1,0,1.3550053,1.83754
189,"Купил умные жене, она в восторге.",5,1.0,2026-02-14 08:00:00,Умные часы Apple,user_039,Клиент_39,+79262605975,4,0,-1.835058,0.07083576
40,"Лучший колонка из всех, что были у меня.",4,1.0,2026-02-14 21:00:00,Колонка JBL,user_004,Клиент_4,+79748610783,3,0,-0.8642667,0.088133946
224,"Супер планшет! За эти деньги — лучшее, что есть.",4,1.0,2026-02-14 22:00:00,Планшет Samsung,user_026,Клиент_26,+79314725433,3,0,-0.38904592,0.5216462
321,"Не рекомендую наушники, деньги на ветер.",1,0.0,2026-02-14 22:00:00,Наушники Sony,user_003,Клиент_3,+79142756117,0,0,0.6343909,-0.81697255
543,"Купил кофемашина жене, она в восторге.",5,1.0,2026-02-15 00:00:00,Кофемашина DeLonghi,user_009,Клиент_9,+79685854939,4,0,-2.2008746,-0.41908228
370,"Идеальное соотношение цены и качества, планшет топ.",4,1.0,2026-02-15 05:00:00,Планшет Samsung,user_016,Клиент_16,+79906528089,1,0,0.5191985,1.9764826
216,"Замечательное качество, колонка работает безупречно.",4,1.0,2026-02-15 06:00:00,Колонка JBL,user_035,Клиент_35,+79024421201,3,0,-1.1045513,0.87227005
270,"Великолепный умные, упаковка целая, доставка быстрая.",5,1.0,2026-02-15 09:00:00,Умные часы Apple,user_031,Клиент_31,+79262190482,3,0,-0.8443633,0.59072787
432,"электрочайник как электрочайник, ожидал большего.",3,,2026-02-15 09:00:00,Электрочайник Bosch,user_004,Клиент_4,+79172257245,0,0,-0.2989906,-1.3264414
5,"Прекрасная вещь, наушники оправдал каждый рубль.",5,1.0,2026-02-15 18:00:00,Наушники Sony,user_029,Клиент_29,+79351611279,3,0,-0.7100328,-0.07354846
319,"Не рекомендую робот-пылесос, деньги на ветер.",1,0.0,2026-02-15 20:00:00,Робот-пылесос Xiaomi,user_009,Клиент_9,+79279781623,0,0,0.26575643,-1.3046699
259,"Супер робот-пылесос! За эти деньги — лучшее, что есть.",5,1.0,2026-02-16 00:00:00,Робот-пылесос Xiaomi,user_006,Клиент_6,+79068747207,3,0,-0.8537417,-0.24004439
234,"Так себе покупка, колонка на троечку.",3,,2026-02-16 03:00:00,Колонка JBL,user_035,Клиент_35,+79277893030,3,0,-0.47825986,-0.32155526
46,"Ужасное качество, колонка сломался через неделю.",2,0.0,2026-02-16 05:00:00,Колонка JBL,user_012,Клиент_12,+79131161652,0,0,1.3260716,-2.4002838
326,"Так себе покупка, ноутбук на троечку.",3,,2026-02-16 16:00:00,Ноутбук Lenovo,user_007,Клиент_7,+79438271935,1,0,0.997628,0.9334233
115,"наушники как наушники, ожидал большего.",3,,2026-02-16 17:00:00,Наушники Sony,user_013,Клиент_13,+79067684232,0,0,0.08525847,-1.0907565
327,"Лучший наушники из всех, что были у меня.",5,1.0,2026-02-16 17:00:00,Наушники Sony,user_038,Клиент_38,+79752691132,3,0,-0.5055064,0.11944477
564,"Великолепный колонка, упаковка целая, доставка быстрая.",5,1.0,2026-02-16 18:00:00,Колонка JBL,user_006,Клиент_6,+79373968737,3,0,-0.78632396,0.5039079
312,"Отличный колонка, очень доволен покупкой!",4,1.0,2026-02-16 23:00:00,Колонка JBL,user_012,Клиент_12,+79308121479,3,0,-1.0459509,0.6836528
548,"Очень плохо, умные перегревается и тормозит.",2,0.0,2026-02-17 05:00:00,Умные часы Apple,user_001,Клиент_1,+79729094861,0,0,0.9195869,-1.8395748
554,"Лучший колонка из всех, что были у меня.",4,1.0,2026-02-17 09:00:00,Колонка JBL,user_008,Клиент_8,+79059697656,3,0,-0.8642667,0.088133946
586,"Великолепный робот-пылесос, упаковка целая, доставка быстрая.",4,1.0,2026-02-17 10:00:00,Робот-пылесос Xiaomi,user_010,Клиент_10,+79456536388,3,0,-0.45261467,-0.24686353
63,"Кошмар, фитнес-браслет пришёл с дефектом.",1,0.0,2026-02-17 21:00:00,Фитнес-браслет Honor,user_010,Клиент_10,+79223244487,0,0,1.0896012,-2.2517588
3,"Супер электрочайник! За эти деньги — лучшее, что есть.",4,1.0,2026-02-17 22:00:00,Электрочайник Bosch,user_032,Клиент_32,+79634621728,3,0,-0.8578653,-0.01736378
99,"Отличный ноутбук, очень доволен покупкой!",5,1.0,2026-02-18 00:00:00,Ноутбук Lenovo,user_011,Клиент_11,+79097389141,1,0,0.7953591,2.2295003
556,"Купил робот-пылесос жене, она в восторге.",5,1.0,2026-02-18 00:00:00,Робот-пылесос Xiaomi,user_026,Клиент_26,+79677953537,4,0,-1.4729886,-0.49353775
233,"Обычный смартфон, без восторга и без жалоб.",3,,2026-02-18 03:00:00,Смартфон Xiaomi,user_032,Клиент_32,+79938745672,1,0,1.8754052,1.2480534
551,"Не рекомендую смартфон, деньги на ветер.",2,0.0,2026-02-18 03:00:00,Смартфон Xiaomi,user_015,Клиент_15,+79909497291,1,0,1.6184523,0.2449333
509,"Отличный фитнес-браслет, очень доволен покупкой!",5,1.0,2026-02-18 06:00:00,Фитнес-браслет Honor,user_012,Клиент_12,+79199748630,3,0,-0.8118138,0.2572077
124,"Брак с завода, робот-пылесос вернул обратно.",1,0.0,2026-02-18 07:00:00,Робот-пылесос Xiaomi,user_008,Клиент_8,+79489960494,0,0,-0.04958047,-1.7975037
197,"Отличный колонка, очень доволен покупкой!",4,1.0,2026-02-18 08:00:00,Колонка JBL,user_016,Клиент_16,+79354546962,3,0,-1.0459509,0.6836528
542,"Великолепный смартфон, упаковка целая, доставка быстрая.",5,1.0,2026-02-18 15:00:00,Смартфон Xiaomi,user_017,Клиент_17,+79437043884,1,0,1.4866546,2.0514936
587,"Супер наушники! За эти деньги — лучшее, что есть.",5,1.0,2026-02-18 17:00:00,Наушники Sony,user_029,Клиент_29,+79817839864,3,0,-0.762879,0.14016922
247,"Замечательное качество, умные работает безупречно.",5,1.0,2026-02-18 22:00:00,Умные часы Apple,user_007,Клиент_7,+79024805202,3,0,-1.0115961,0.6709178
458,"смартфон превзошёл ожидания, рекомендую всем.",4,1.0,2026-02-19 01:00:00,Смартфон Xiaomi,user_030,Клиент_30,+79939868197,1,0,0.88124466,1.0607978
294,"Купил наушники жене, она в восторге.",5,1.0,2026-02-19 11:00:00,Наушники Sony,user_019,Клиент_19,+79006110302,4,0,-1.4405043,-0.08470469
512,"Идеальное соотношение цены и качества, умные топ.",5,1.0,2026-02-19 11:00:00,Умные часы Apple,user_010,Клиент_10,+79488851071,3,0,-1.094094,1.1078527
433,"Купил фитнес-браслет жене, она в восторге.",5,1.0,2026-02-19 14:00:00,Фитнес-браслет Honor,user_038,Клиент_38,+79521160748,4,0,-1.381835,-0.27463654
82,"Идеальное соотношение цены и качества, колонка топ.",4,1.0,2026-02-19 16:00:00,Колонка JBL,user_030,Клиент_30,+79337644081,3,0,-1.1701331,1.0299273
463,"Великолепный смартфон, упаковка целая, доставка быстрая.",4,1.0,2026-02-19 17:00:00,Смартфон Xiaomi,user_028,Клиент_28,+79452631892,1,0,1.4866545,2.051494
38,"Супер колонка! За эти деньги — лучшее, что есть.",5,1.0,2026-02-19 22:00:00,Колонка JBL,user_026,Клиент_26,+79286596739,3,0,-1.0183798,0.2040574
284,"Не рекомендую робот-пылесос, деньги на ветер.",2,0.0,2026-02-20 04:00:00,Робот-пылесос Xiaomi,user_040,Клиент_40,+79108186731,0,0,0.26575643,-1.3046699
510,"Прекрасная вещь, электрочайник оправдал каждый рубль.",5,1.0,2026-02-20 07:00:00,Электрочайник Bosch,user_025,Клиент_25,+79297247028,3,0,-1.1189897,-0.29191533
140,"Отличный робот-пылесос, очень доволен покупкой!",5,1.0,2026-02-20 13:00:00,Робот-пылесос Xiaomi,user_022,Клиент_22,+79793394876,3,0,-0.85755306,-0.111523956
534,"Великолепный робот-пылесос, упаковка целая, доставка быстрая.",4,1.0,2026-02-20 19:00:00,Робот-пылесос Xiaomi,user_028,Клиент_28,+79745210683,3,0,-0.45261467,-0.24686353
383,"Кошмар, фитнес-браслет пришёл с дефектом.",1,0.0,2026-02-20 22:00:00,Фитнес-браслет Honor,user_029,Клиент_29,+79316071708,0,0,1.0896012,-2.2517588
4,"Купил фитнес-браслет жене, она в восторге.",4,1.0,2026-02-21 02:00:00,Фитнес-браслет Honor,user_023,Клиент_23,+79871574355,4,0,-1.3818349,-0.2746365
462,"Лучший колонка из всех, что были у меня.",4,1.0,2026-02-21 04:00:00,Колонка JBL,user_029,Клиент_29,+79292797860,3,0,-0.8642667,0.088133946
416,"Пользуюсь робот-пылесос месяц, нареканий ноль.",4,1.0,2026-02-21 07:00:00,Робот-пылесос Xiaomi,user_038,Клиент_38,+79433174137,0,0,0.5502482,-1.4110655
371,"Отличный фитнес-браслет, очень доволен покупкой!",5,1.0,2026-02-21 12:00:00,Фитнес-браслет Honor,user_003,Клиент_3,+79848806810,3,0,-0.8118138,0.2572077
172,"смартфон как смартфон, ожидал большего.",3,,2026-02-21 14:00:00,Смартфон Xiaomi,user_028,Клиент_28,+79845445864,1,0,1.8395351,0.63540393
468,"Лучший колонка из всех, что были у меня.",5,1.0,2026-02-21 14:00:00,Колонка JBL,user_007,Клиент_7,+79704742808,3,0,-0.8642667,0.088133946
386,"Обычный электрочайник, без восторга и без жалоб.",3,,2026-02-21 17:00:00,Электрочайник Bosch,user_030,Клиент_30,+79873681473,0,0,-0.10575819,-0.52663654
413,"Пользуюсь фитнес-браслет месяц, нареканий ноль.",5,1.0,2026-02-21 17:00:00,Фитнес-браслет Honor,user_012,Клиент_12,+79343253897,0,0,0.5975637,-1.3201587
242,"Идеальное соотношение цены и качества, колонка топ.",5,1.0,2026-02-21 18:00:00,Колонка JBL,user_005,Клиент_5,+79476636047,3,0,-1.170133,1.0299276
43,"Лучший наушники из всех, что были у меня.",5,1.0,2026-02-22 00:00:00,Наушники Sony,user_005,Клиент_5,+79068480013,3,0,-0.5055064,0.11944477
362,"Супер ноутбук! За эти деньги — лучшее, что есть.",5,1.0,2026-02-22 04:00:00,Ноутбук Lenovo,user_007,Клиент_7,+79196079358,3,0,-0.06873415,1.0657853
330,"Очень плохо, кофемашина перегревается и тормозит.",1,0.0,2026-02-22 05:00:00,Кофемашина DeLonghi,user_029,Клиент_29,+79636500528,2,0,0.6153851,-2.2572703
375,"Зря потратил деньги на наушники, верну по гарантии.",2,0.0,2026-02-22 07:00:00,Наушники Sony,user_021,Клиент_21,+79665547491,0,0,0.026260098,-1.0952396
343,"Замечательное качество, планшет работает безупречно.",5,1.0,2026-02-22 08:00:00,Планшет Samsung,user_015,Клиент_15,+79172587200,1,0,1.1029195,2.2057145
382,"Супер наушники! За эти деньги — лучшее, что есть.",5,1.0,2026-02-22 14:00:00,Наушники Sony,user_012,Клиент_12,+79659413596,3,0,-0.762879,0.14016922
467,"Зря потратил деньги на планшет, верну по гарантии.",2,0.0,2026-02-22 16:00:00,Планшет Samsung,user_030,Клиент_30,+79342176766,1,0,0.977325,-0.082951315
57,"Средненько, планшет работает, но есть нюансы.",3,,2026-02-22 23:00:00,Планшет Samsung,user_030,Клиент_30,+79838349118,1,0,2.2283952,0.49144515
357,"Купил робот-пылесос жене, она в восторге.",5,1.0,2026-02-22 23:00:00,Робот-пылесос Xiaomi,user_012,Клиент_12,+79339680669,4,0,-1.4729886,-0.49353775
306,"Лучший планшет из всех, что были у меня.",5,1.0,2026-02-23 01:00:00,Планшет Samsung,user_024,Клиент_24,+79649916670,1,0,1.3550053,1.83754
495,"Пользуюсь ноутбук месяц, нареканий ноль.",5,1.0,2026-02-23 11:00:00,Ноутбук Lenovo,user_029,Клиент_29,+79601604401,1,0,1.901153,-0.11857592
535,"Замечательное качество, фитнес-браслет работает безупречно.",5,1.0,2026-02-23 12:00:00,Фитнес-браслет Honor,user_023,Клиент_23,+79733676707,3,0,-1.0146599,0.5169966
570,"Идеальное соотношение цены и качества, ноутбук топ.",5,1.0,2026-02-23 12:00:00,Ноутбук Lenovo,user_028,Клиент_28,+79593908124,1,0,0.4100039,2.236155
499,"Великолепный смартфон, упаковка целая, доставка быстрая.",4,1.0,2026-02-23 15:00:00,Смартфон Xiaomi,user_016,Клиент_16,+79182772635,1,0,1.4866545,2.051494
54,"Не покупайте наушники, ужас.",2,0.0,2026-02-23 19:00:00,Наушники Sony,user_019,Клиент_19,+79234008197,0,0,0.940399,-1.5064322
397,"Хуже наушники не видел, обманули с характеристиками.",2,0.0,2026-02-23 19:00:00,Наушники Sony,user_034,Клиент_34,+79683971811,0,0,0.67430025,-1.8142972
174,"Замечательное качество, наушники работает безупречно.",5,1.0,2026-02-23 22:00:00,Наушники Sony,user_023,Клиент_23,+79449714351,3,0,-0.5642281,0.68369305
69,"Замечательное качество, умные работает безупречно.",4,1.0,2026-02-24 01:00:00,Умные часы Apple,user_006,Клиент_6,+79425300894,3,0,-1.0115961,0.6709178
489,"Замечательное качество, смартфон работает безупречно.",4,1.0,2026-02-24 01:00:00,Смартфон Xiaomi,user_027,Клиент_27,+79372068096,1,0,0.8817269,2.1548932
490,"Пользуюсь наушники месяц, нареканий ноль.",5,1.0,2026-02-24 04:00:00,Наушники Sony,user_011,Клиент_11,+79322085481,0,0,1.0326219,-1.0923849
269,"Прекрасная вещь, робот-пылесос оправдал каждый рубль.",4,1.0,2026-02-24 06:00:00,Робот-пылесос Xiaomi,user_017,Клиент_17,+79257821192,3,0,-1.1276686,-0.51051897
588,"Пользуюсь наушники месяц, нареканий ноль.",4,1.0,2026-02-24 06:00:00,Наушники Sony,user_034,Клиент_34,+79874054069,0,0,1.0326219,-1.0923849
261,"Великолепный умные, упаковка целая, доставка быстрая.",5,1.0,2026-02-24 07:00:00,Умные часы Apple,user_031,Клиент_31,+79195537606,3,0,-0.8443633,0.59072787
483,"Купил электрочайник жене, она в восторге.",4,1.0,2026-02-24 08:00:00,Электрочайник Bosch,user_021,Клиент_21,+79042366215,4,0,-1.482006,-0.34214592
517,"Брак с завода, планшет вернул обратно.",2,0.0,2026-02-24 09:00:00,Планшет Samsung,user_040,Клиент_40,+79322880636,1,0,1.2858502,-0.46598175
533,"Лучший электрочайник из всех, что были у меня.",5,1.0,2026-02-24 09:00:00,Электрочайник Bosch,user_008,Клиент_8,+79492115332,3,0,-0.6787192,-0.18448372
322,"Лучший умные из всех, что были у меня.",4,1.0,2026-02-24 12:00:00,Умные часы Apple,user_027,Клиент_27,+79618167444,3,0,-0.85793144,-0.2143297
104,"Прекрасная вещь, электрочайник оправдал каждый рубль.",4,1.0,2026-02-24 15:00:00,Электрочайник Bosch,user_018,Клиент_18,+79932421304,3,0,-1.1189897,-0.29191533
256,"Пользуюсь наушники месяц, нареканий ноль.",4,1.0,2026-02-25 03:00:00,Наушники Sony,user_023,Клиент_23,+79879241578,0,0,1.0326219,-1.0923849
166,"Очень плохо, ноутбук перегревается и тормозит.",1,0.0,2026-02-25 11:00:00,Ноутбук Lenovo,user_002,Клиент_2,+79324691210,1,0,2.6756656,-0.52681166
249,"Замечательное качество, ноутбук работает безупречно.",5,1.0,2026-02-25 11:00:00,Ноутбук Lenovo,user_036,Клиент_36,+79226971078,1,0,0.6676157,2.2934022
83,"Прекрасная вещь, фитнес-браслет оправдал каждый рубль.",5,1.0,2026-02-25 19:00:00,Фитнес-браслет Honor,user_015,Клиент_15,+79523829959,3,0,-1.2223321,-0.22751535
557,"Идеальное соотношение цены и качества, колонка топ.",5,1.0,2026-02-25 20:00:00,Колонка JBL,user_003,Клиент_3,+79599463161,3,0,-1.170133,1.0299276
64,"Купил колонка жене, она в восторге.",4,1.0,2026-02-26 01:00:00,Колонка JBL,user_001,Клиент_1,+79369332355,4,0,-1.6615074,-0.1184661
157,"Отличный ноутбук, очень доволен покупкой!",5,1.0,2026-02-26 01:00:00,Ноутбук Lenovo,user_023,Клиент_23,+79248127769,1,0,0.7953591,2.2295003
310,"колонка превзошёл ожидания, рекомендую всем.",5,1.0,2026-02-26 01:00:00,Колонка JBL,user_001,Клиент_1,+79829432523,3,0,-0.6860951,-0.08540131
338,"фитнес-браслет превзошёл ожидания, рекомендую всем.",5,1.0,2026-02-26 04:00:00,Фитнес-браслет Honor,user_016,Клиент_16,+79283952564,3,0,-0.59933156,-0.30511907
244,"Купил умные жене, она в восторге.",4,1.0,2026-02-26 05:00:00,Умные часы Apple,user_027,Клиент_27,+79803616339,4,0,-1.835058,0.07083576
515,"Нормальный ноутбук, ничего особенного.",3,,2026-02-26 06:00:00,Ноутбук Lenovo,user_007,Клиент_7,+79107876683,1,0,1.4823613,0.63024753
461,"фитнес-браслет превзошёл ожидания, рекомендую всем.",4,1.0,2026-02-26 09:00:00,Фитнес-браслет Honor,user_035,Клиент_35,+79854509004,3,0,-0.59933156,-0.30511907
301,"Отличный кофемашина, очень доволен покупкой!",5,1.0,2026-02-26 16:00:00,Кофемашина DeLonghi,user_013,Клиент_13,+79728869007,2,0,-1.5444789,0.38499007
597,"Прекрасная вещь, ноутбук оправдал каждый рубль.",4,1.0,2026-02-26 18:00:00,Ноутбук Lenovo,user_030,Клиент_30,+79353149067,1,0,0.3988054,1.4469551
137,"колонка превзошёл ожидания, рекомендую всем.",5,1.0,2026-02-26 19:00:00,Колонка JBL,user_030,Клиент_30,+79967749851,3,0,-0.6860952,-0.08540124
574,"Отличный умные, очень доволен покупкой!",5,1.0,2026-02-26 20:00:00,Умные часы Apple,user_015,Клиент_15,+79077498982,3,0,-1.266506,0.61694586
138,"Нормальный смартфон, ничего особенного.",3,,2026-02-27 00:00:00,Смартфон Xiaomi,user_021,Клиент_21,+79769669291,1,0,1.9570148,0.6595326
176,"Прекрасная вещь, ноутбук оправдал каждый рубль.",5,1.0,2026-02-27 05:00:00,Ноутбук Lenovo,user_021,Клиент_21,+79406721401,1,0,0.39880526,1.4469551
392,"Нормальный фитнес-браслет, ничего особенного.",3,,2026-02-27 05:00:00,Фитнес-браслет Honor,user_006,Клиент_6,+79082686592,0,0,-0.004108698,-0.8808533
567,"Обычный ноутбук, без восторга и без жалоб.",3,,2026-02-27 13:00:00,Ноутбук Lenovo,user_022,Клиент_22,+79245493521,1,0,1.6370993,1.3228185
577,"Не покупайте робот-пылесос, ужас.",2,0.0,2026-02-27 17:00:00,Робот-пылесос Xiaomi,user_037,Клиент_37,+79491798610,0,0,0.5804079,-1.9381956
149,"Прекрасная вещь, фитнес-браслет оправдал каждый рубль.",5,1.0,2026-02-27 18:00:00,Фитнес-браслет Honor,user_017,Клиент_17,+79522231391,3,0,-1.2223321,-0.22751535
474,"Брак с завода, наушники вернул обратно.",1,0.0,2026-02-27 18:00:00,Наушники Sony,user_024,Клиент_24,+79984160793,0,0,0.20574386,-1.6234894
248,"Лучший фитнес-браслет из всех, что были у меня.",4,1.0,2026-02-27 23:00:00,Фитнес-браслет Honor,user_026,Клиент_26,+79069446017,3,0,-0.6850868,-0.25680265
477,"Идеальное соотношение цены и качества, кофемашина топ.",5,1.0,2026-02-28 01:00:00,Кофемашина DeLonghi,user_038,Клиент_38,+79481849073,2,0,-1.75171,0.7157398
508,"Так себе покупка, кофемашина на троечку.",3,,2026-02-28 04:00:00,Кофемашина DeLonghi,user_028,Клиент_28,+79095453405,2,0,-0.9252531,-0.51867217
262,"Купил кофемашина жене, она в восторге.",5,1.0,2026-02-28 08:00:00,Кофемашина DeLonghi,user_017,Клиент_17,+79216628666,4,0,-2.2008746,-0.41908228
198,"Полное разочарование, умные не работает как описано.",2,0.0,2026-02-28 16:00:00,Умные часы Apple,user_002,Клиент_2,+79331213177,0,0,1.1697891,-1.967769
36,"Идеальное соотношение цены и качества, колонка топ.",5,1.0,2026-03-01 02:00:00,Колонка JBL,user_025,Клиент_25,+79909776396,3,0,-1.170133,1.0299276
170,"Ужасное качество, робот-пылесос сломался через неделю.",2,0.0,2026-03-01 03:00:00,Робот-пылесос Xiaomi,user_001,Клиент_1,+79901808387,0,0,1.2613155,-2.4834628
19,"Пользуюсь планшет месяц, нареканий ноль.",4,1.0,2026-03-01 04:00:00,Планшет Samsung,user_014,Клиент_14,+79021955283,1,0,2.1086595,0.006538079
255,"Супер фитнес-браслет! За эти деньги — лучшее, что есть.",4,1.0,2026-03-01 05:00:00,Фитнес-браслет Honor,user_030,Клиент_30,+79708212504,3,0,-0.9075584,-0.086387634
113,"Замечательное качество, электрочайник работает безупречно.",5,1.0,2026-03-01 12:00:00,Электрочайник Bosch,user_034,Клиент_34,+79385447274,3,0,-0.8496569,0.44732407
237,"Отличный наушники, очень доволен покупкой!",4,1.0,2026-03-01 17:00:00,Наушники Sony,user_040,Клиент_40,+79514597084,3,0,-0.52923447,0.56525576
492,"Купил кофемашина жене, она в восторге.",5,1.0,2026-03-01 20:00:00,Кофемашина DeLonghi,user_011,Клиент_11,+79477937858,4,0,-2.2008746,-0.41908228
217,"Отличный ноутбук, очень доволен покупкой!",5,1.0,2026-03-01 21:00:00,Ноутбук Lenovo,user_025,Клиент_25,+79075185126,1,0,0.7953591,2.2295003
50,"Прекрасная вещь, электрочайник оправдал каждый рубль.",4,1.0,2026-03-01 22:00:00,Электрочайник Bosch,user_021,Клиент_21,+79289642559,3,0,-1.1189897,-0.29191533
457,"Великолепный планшет, упаковка целая, доставка быстрая.",5,1.0,2026-03-02 00:00:00,Планшет Samsung,user_020,Клиент_20,+79149802410,1,0,1.3402425,1.784498
122,"Супер фитнес-браслет! За эти деньги — лучшее, что есть.",4,1.0,2026-03-02 01:00:00,Фитнес-браслет Honor,user_034,Клиент_34,+79741371049,3,0,-0.9075584,-0.086387634
9,"Кошмар, робот-пылесос пришёл с дефектом.",2,0.0,2026-03-02 05:00:00,Робот-пылесос Xiaomi,user_023,Клиент_23,+79669462753,0,0,0.93916804,-2.398348
212,"Замечательное качество, кофемашина работает безупречно.",4,1.0,2026-03-02 05:00:00,Кофемашина DeLonghi,user_012,Клиент_12,+79151328917,2,0,-1.6767716,0.4850846
568,"Лучший кофемашина из всех, что были у меня.",4,1.0,2026-03-02 06:00:00,Кофемашина DeLonghi,user_022,Клиент_22,+79689932180,2,0,-1.5450792,-0.018631997
500,"Так себе покупка, умные на троечку.",3,,2026-03-02 09:00:00,Умные часы Apple,user_010,Клиент_10,+79347235015,3,0,-0.6511807,-0.19641602
281,"Отличный смартфон, очень доволен покупкой!",4,1.0,2026-03-02 11:00:00,Смартфон Xiaomi,user_038,Клиент_38,+79086191748,1,0,1.1885617,2.2417424
33,"Обычный планшет, без восторга и без жалоб.",3,,2026-03-02 13:00:00,Планшет Samsung,user_021,Клиент_21,+79844950202,1,0,1.9455034,1.2330866
254,"Супер кофемашина! За эти деньги — лучшее, что есть.",5,1.0,2026-03-02 18:00:00,Кофемашина DeLonghi,user_028,Клиент_28,+79829154911,2,0,-1.3819033,-0.025380261
131,"Ужасное качество, робот-пылесос сломался через неделю.",2,0.0,2026-03-03 07:00:00,Робот-пылесос Xiaomi,user_008,Клиент_8,+79251223408,0,0,1.2613155,-2.4834635
70,"Замечательное качество, робот-пылесос работает безупречно.",4,1.0,2026-03-03 08:00:00,Робот-пылесос Xiaomi,user_021,Клиент_21,+79367632500,3,0,-0.8820272,0.12080863
473,"Лучший умные из всех, что были у меня.",4,1.0,2026-03-03 08:00:00,Умные часы Apple,user_014,Клиент_14,+79321807581,3,0,-0.85793144,-0.2143297
469,"Купил кофемашина жене, она в восторге.",5,1.0,2026-03-03 12:00:00,Кофемашина DeLonghi,user_007,Клиент_7,+79115672504,4,0,-2.2008746,-0.41908228
400,"Замечательное качество, наушники работает безупречно.",4,1.0,2026-03-03 13:00:00,Наушники Sony,user_012,Клиент_12,+79615007405,3,0,-0.5642281,0.68369305
488,"Отличный наушники, очень доволен покупкой!",5,1.0,2026-03-03 14:00:00,Наушники Sony,user_008,Клиент_8,+79801110239,3,0,-0.52923447,0.56525576
336,"Так себе покупка, электрочайник на троечку.",3,,2026-03-04 03:00:00,Электрочайник Bosch,user_016,Клиент_16,+79194365452,0,0,-0.28736836,-0.56905246
472,"Нормальный фитнес-браслет, ничего особенного.",3,,2026-03-04 06:00:00,Фитнес-браслет Honor,user_011,Клиент_11,+79199212019,0,0,-0.004108698,-0.8808533
154,"Замечательное качество, колонка работает безупречно.",4,1.0,2026-03-04 21:00:00,Колонка JBL,user_016,Клиент_16,+79236044224,3,0,-1.1045512,0.87226933
446,"ноутбук превзошёл ожидания, рекомендую всем.",4,1.0,2026-03-04 21:00:00,Ноутбук Lenovo,user_028,Клиент_28,+79483545365,1,0,0.71652323,1.3022171
353,"Купил робот-пылесос жене, она в восторге.",5,1.0,2026-03-04 23:00:00,Робот-пылесос Xiaomi,user_023,Клиент_23,+79603666696,4,0,-1.4729886,-0.49353775
465,"Прекрасная вещь, кофемашина оправдал каждый рубль.",4,1.0,2026-03-05 02:00:00,Кофемашина DeLonghi,user_035,Клиент_35,+79056147555,2,0,-1.7910931,-0.19286875
317,"Замечательное качество, планшет работает безупречно.",4,1.0,2026-03-05 04:00:00,Планшет Samsung,user_016,Клиент_16,+79111807779,1,0,1.1029195,2.2057145
277,"Очень плохо, умные перегревается и тормозит.",1,0.0,2026-03-05 08:00:00,Умные часы Apple,user_011,Клиент_11,+79926494364,0,0,0.9195869,-1.8395748
285,"Великолепный фитнес-браслет, упаковка целая, доставка быстрая.",4,1.0,2026-03-05 16:00:00,Фитнес-браслет Honor,user_017,Клиент_17,+79434883670,3,0,-0.5201999,0.22335543
175,"Отличный робот-пылесос, очень доволен покупкой!",5,1.0,2026-03-05 17:00:00,Робот-пылесос Xiaomi,user_033,Клиент_33,+79143865591,3,0,-0.85755306,-0.111523956
22,"Прекрасная вещь, умные оправдал каждый рубль.",4,1.0,2026-03-05 23:00:00,Умные часы Apple,user_004,Клиент_4,+79334050493,3,0,-1.1864245,-0.008633348
360,"Очень плохо, электрочайник перегревается и тормозит.",1,0.0,2026-03-05 23:00:00,Электрочайник Bosch,user_036,Клиент_36,+79032879520,0,0,1.1935356,-2.2346344
8,"Обычный колонка, без восторга и без жалоб.",3,,2026-03-06 01:00:00,Колонка JBL,user_019,Клиент_19,+79782705242,3,0,-0.22496384,-0.43849578
550,"Идеальное соотношение цены и качества, смартфон топ.",5,1.0,2026-03-06 12:00:00,Смартфон Xiaomi,user_011,Клиент_11,+79363973422,1,0,0.55965304,2.0768642
44,"Полное разочарование, кофемашина не работает как описано.",2,0.0,2026-03-06 14:00:00,Кофемашина DeLonghi,user_029,Клиент_29,+79861403063,2,0,0.6805191,-2.2355833
303,"ноутбук превзошёл ожидания, рекомендую всем.",5,1.0,2026-03-06 18:00:00,Ноутбук Lenovo,user_025,Клиент_25,+79131360855,1,0,0.71652323,1.3022171
561,"Пользуюсь ноутбук месяц, нареканий ноль.",4,1.0,2026-03-06 18:00:00,Ноутбук Lenovo,user_026,Клиент_26,+79289209847,1,0,1.901153,-0.11857592
582,"наушники превзошёл ожидания, рекомендую всем.",4,1.0,2026-03-06 20:00:00,Наушники Sony,user_023,Клиент_23,+79819225141,3,0,-0.40350187,-0.09876904
439,"Отличный колонка, очень доволен покупкой!",5,1.0,2026-03-06 23:00:00,Колонка JBL,user_007,Клиент_7,+79372976216,3,0,-1.0459509,0.6836528
501,"Отличный электрочайник, очень доволен покупкой!",5,1.0,2026-03-07 06:00:00,Электрочайник Bosch,user_024,Клиент_24,+79269695822,3,0,-0.94414073,0.3659001
196,"Великолепный электрочайник, упаковка целая, доставка быстрая.",4,1.0,2026-03-07 09:00:00,Электрочайник Bosch,user_001,Клиент_1,+79596182065,3,0,-0.5614024,0.2477656
359,"Великолепный кофемашина, упаковка целая, доставка быстрая.",5,1.0,2026-03-07 17:00:00,Кофемашина DeLonghi,user_034,Клиент_34,+79832917674,2,0,-1.3370087,0.20622303
283,"Лучший планшет из всех, что были у меня.",5,1.0,2026-03-07 19:00:00,Планшет Samsung,user_016,Клиент_16,+79786262773,1,0,1.3550049,1.8375398
451,"Отличный умные, очень доволен покупкой!",5,1.0,2026-03-07 20:00:00,Умные часы Apple,user_022,Клиент_22,+79206341639,3,0,-1.266506,0.6169463
147,"Купил наушники жене, она в восторге.",4,1.0,2026-03-08 02:00:00,Наушники Sony,user_011,Клиент_11,+79548979017,4,0,-1.440504,-0.084704526
369,"Прекрасная вещь, наушники оправдал каждый рубль.",5,1.0,2026-03-08 06:00:00,Наушники Sony,user_002,Клиент_2,+79082457473,3,0,-0.7100328,-0.07354845
590,"Пользуюсь наушники месяц, нареканий ноль.",4,1.0,2026-03-08 17:00:00,Наушники Sony,user_003,Клиент_3,+79449199466,0,0,1.0326219,-1.0923849
481,"Обычный планшет, без восторга и без жалоб.",3,,2026-03-08 20:00:00,Планшет Samsung,user_018,Клиент_18,+79048914704,1,0,1.945504,1.2330868
231,"Так себе покупка, робот-пылесос на троечку.",3,,2026-03-09 11:00:00,Робот-пылесос Xiaomi,user_018,Клиент_18,+79252132263,0,0,-0.32752022,-0.8223696
366,"Нормальный ноутбук, ничего особенного.",3,,2026-03-09 11:00:00,Ноутбук Lenovo,user_010,Клиент_10,+79282730130,1,0,1.4823613,0.63024753
126,"Прекрасная вещь, электрочайник оправдал каждый рубль.",4,1.0,2026-03-09 16:00:00,Электрочайник Bosch,user_032,Клиент_32,+79756524472,3,0,-1.1189897,-0.29191533
145,"Хуже робот-пылесос не видел, обманули с характеристиками.",1,0.0,2026-03-09 16:00:00,Робот-пылесос Xiaomi,user_036,Клиент_36,+79607044514,0,0,0.26229176,-1.8540128
105,"Прекрасная вещь, ноутбук оправдал каждый рубль.",4,1.0,2026-03-09 21:00:00,Ноутбук Lenovo,user_019,Клиент_19,+79122072957,1,0,0.39880526,1.4469551
107,"Лучший робот-пылесос из всех, что были у меня.",4,1.0,2026-03-10 03:00:00,Робот-пылесос Xiaomi,user_017,Клиент_17,+79832958656,3,0,-0.68923885,-0.62165344
132,"Купил робот-пылесос жене, она в восторге.",5,1.0,2026-03-10 07:00:00,Робот-пылесос Xiaomi,user_006,Клиент_6,+79596098715,4,0,-1.4729886,-0.49353775
518,"ноутбук как ноутбук, ожидал большего.",3,,2026-03-10 11:00:00,Ноутбук Lenovo,user_034,Клиент_34,+79572396526,1,0,1.4165176,0.50930095
182,"Пользуюсь смартфон месяц, нареканий ноль.",5,1.0,2026-03-10 12:00:00,Смартфон Xiaomi,user_007,Клиент_7,+79612641177,1,0,2.229014,0.027155913
153,"робот-пылесос как робот-пылесос, ожидал большего.",3,,2026-03-10 21:00:00,Робот-пылесос Xiaomi,user_039,Клиент_39,+79957767667,0,0,-0.37999225,-1.6284198
307,"Супер фитнес-браслет! За эти деньги — лучшее, что есть.",4,1.0,2026-03-11 03:00:00,Фитнес-браслет Honor,user_018,Клиент_18,+79361323089,3,0,-0.9075584,-0.086387634
408,"электрочайник превзошёл ожидания, рекомендую всем.",4,1.0,2026-03-11 05:00:00,Электрочайник Bosch,user_006,Клиент_6,+79096283606,3,0,-0.5422059,-0.270919
118,"Идеальное соотношение цены и качества, планшет топ.",5,1.0,2026-03-11 07:00:00,Планшет Samsung,user_031,Клиент_31,+79682296521,1,0,0.5191985,1.9764826
466,"Обычный смартфон, без восторга и без жалоб.",3,,2026-03-11 08:00:00,Смартфон Xiaomi,user_030,Клиент_30,+79036080955,1,0,1.8754052,1.2480534
160,"умные превзошёл ожидания, рекомендую всем.",4,1.0,2026-03-11 15:00:00,Умные часы Apple,user_013,Клиент_13,+79948015925,3,0,-0.72844845,-0.13610329
1,"Купил робот-пылесос жене, она в восторге.",5,1.0,2026-03-11 20:00:00,Робот-пылесос Xiaomi,user_004,Клиент_4,+79692813225,4,0,-1.4729886,-0.49353775
144,"Пользуюсь наушники месяц, нареканий ноль.",4,1.0,2026-03-12 00:00:00,Наушники Sony,user_039,Клиент_39,+79503366795,0,0,1.0326219,-1.0923849
491,"Купил электрочайник жене, она в восторге.",5,1.0,2026-03-12 11:00:00,Электрочайник Bosch,user_007,Клиент_7,+79701937363,4,0,-1.482006,-0.34214592
240,"Купил кофемашина жене, она в восторге.",4,1.0,2026-03-12 15:00:00,Кофемашина DeLonghi,user_033,Клиент_33,+79338282305,4,0,-2.2008746,-0.41908228
316,"Лучший наушники из всех, что были у меня.",5,1.0,2026-03-12 16:00:00,Наушники Sony,user_031,Клиент_31,+79475109914,3,0,-0.5055064,0.11944477
388,"Зря потратил деньги на умные, верну по гарантии.",1,0.0,2026-03-12 17:00:00,Умные часы Apple,user_005,Клиент_5,+79624344176,0,0,-0.3452622,-1.0862856
296,"Нормальный робот-пылесос, ничего особенного.",3,,2026-03-12 18:00:00,Робот-пылесос Xiaomi,user_006,Клиент_6,+79492933727,0,0,0.0675043,-1.1967714
403,"Средненько, смартфон работает, но есть нюансы.",3,,2026-03-12 19:00:00,Смартфон Xiaomi,user_030,Клиент_30,+79763133558,1,0,2.2674787,0.40807813
32,"Купил робот-пылесос жене, она в восторге.",4,1.0,2026-03-12 22:00:00,Робот-пылесос Xiaomi,user_007,Клиент_7,+79565880201,4,0,-1.4729884,-0.49353758
16,"Не рекомендую умные, деньги на ветер.",1,0.0,2026-03-12 23:00:00,Умные часы Apple,user_009,Клиент_9,+79274676757,0,0,0.15000257,-0.8504023
164,"Отвратительная сборка, фитнес-браслет развалился сразу.",1,0.0,2026-03-13 04:00:00,Фитнес-браслет Honor,user_040,Клиент_40,+79295414608,0,0,1.145749,-2.157265
266,"Пользуюсь колонка месяц, нареканий ноль.",5,1.0,2026-03-13 04:00:00,Колонка JBL,user_025,Клиент_25,+79215258398,0,0,0.5350408,-1.2729388
450,"Ужасное качество, планшет сломался через неделю.",2,0.0,2026-03-13 05:00:00,Планшет Samsung,user_014,Клиент_14,+79453913513,1,0,3.0306172,-0.89480305
227,"Зря потратил деньги на фитнес-браслет, верну по гарантии.",1,0.0,2026-03-13 06:00:00,Фитнес-браслет Honor,user_036,Клиент_36,+79737746566,0,0,-0.26059687,-1.2405227
30,"Великолепный колонка, упаковка целая, доставка быстрая.",5,1.0,2026-03-13 08:00:00,Колонка JBL,user_025,Клиент_25,+79583652777,3,0,-0.78632396,0.5039079
384,"Отличный планшет, очень доволен покупкой!",4,1.0,2026-03-13 08:00:00,Планшет Samsung,user_033,Клиент_33,+79857753742,1,0,1.3378626,2.185607
470,"кофемашина превзошёл ожидания, рекомендую всем.",4,1.0,2026-03-13 14:00:00,Кофемашина DeLonghi,user_014,Клиент_14,+79011661029,2,0,-1.3243904,-0.07998825
260,"Великолепный электрочайник, упаковка целая, доставка быстрая.",5,1.0,2026-03-13 19:00:00,Электрочайник Bosch,user_002,Клиент_2,+79094810491,3,0,-0.5614024,0.2477656
575,"Отвратительная сборка, ноутбук развалился сразу.",1,0.0,2026-03-13 20:00:00,Ноутбук Lenovo,user_014,Клиент_14,+79202493936,1,0,2.5895689,-0.6752833
265,"ноутбук превзошёл ожидания, рекомендую всем.",4,1.0,2026-03-13 22:00:00,Ноутбук Lenovo,user_016,Клиент_16,+79188875756,1,0,0.71652323,1.3022171
194,"Так себе покупка, планшет на троечку.",3,,2026-03-14 00:00:00,Планшет Samsung,user_009,Клиент_9,+79969892200,1,0,1.1397575,0.8222755
268,"Идеальное соотношение цены и качества, умные топ.",5,1.0,2026-03-14 00:00:00,Умные часы Apple,user_022,Клиент_22,+79049378624,3,0,-1.094094,1.107853
60,"Нормальный электрочайник, ничего особенного.",3,,2026-03-14 02:00:00,Электрочайник Bosch,user_022,Клиент_22,+79027381324,0,0,0.18837252,-0.97108376
253,"Средненько, колонка работает, но есть нюансы.",3,,2026-03-14 04:00:00,Колонка JBL,user_017,Клиент_17,+79201462772,0,0,0.16021538,-1.0336592
89,"Обычный фитнес-браслет, без восторга и без жалоб.",3,,2026-03-14 07:00:00,Фитнес-браслет Honor,user_018,Клиент_18,+79013717346,3,0,-0.17782865,-0.6136628
139,"Пользуюсь планшет месяц, нареканий ноль.",5,1.0,2026-03-14 07:00:00,Планшет Samsung,user_040,Клиент_40,+79234704183,1,0,2.1086595,0.006538079
25,"смартфон превзошёл ожидания, рекомендую всем.",5,1.0,2026-03-14 16:00:00,Смартфон Xiaomi,user_009,Клиент_9,+79713753609,1,0,0.88124466,1.0607978
20,"Прекрасная вещь, смартфон оправдал каждый рубль.",5,1.0,2026-03-14 17:00:00,Смартфон Xiaomi,user_007,Клиент_7,+79895509402,1,0,0.67936885,1.476841
223,"Не рекомендую наушники, деньги на ветер.",1,0.0,2026-03-14 19:00:00,Наушники Sony,user_006,Клиент_6,+79422370940,0,0,0.6343909,-0.81697255
26,"электрочайник превзошёл ожидания, рекомендую всем.",4,1.0,2026-03-14 20:00:00,Электрочайник Bosch,user_001,Клиент_1,+79755434861,3,0,-0.5422059,-0.270919
569,"Средненько, смартфон работает, но есть нюансы.",3,,2026-03-14 20:00:00,Смартфон Xiaomi,user_002,Клиент_2,+79806559024,1,0,2.2674787,0.40807813
389,"кофемашина превзошёл ожидания, рекомендую всем.",4,1.0,2026-03-15 02:00:00,Кофемашина DeLonghi,user_018,Клиент_18,+79066763952,2,0,-1.3243904,-0.07998825
324,"Нормальный ноутбук, ничего особенного.",3,,2026-03-15 05:00:00,Ноутбук Lenovo,user_017,Клиент_17,+79436588311,1,0,1.4823613,0.63024753
331,"Отличный смартфон, очень доволен покупкой!",5,1.0,2026-03-15 11:00:00,Смартфон Xiaomi,user_036,Клиент_36,+79285280050,1,0,1.1885618,2.2417424
349,"Очень плохо, смартфон перегревается и тормозит.",1,0.0,2026-03-15 11:00:00,Смартфон Xiaomi,user_020,Клиент_20,+79484666261,1,0,3.0798976,-0.51324916
58,"Ужасное качество, фитнес-браслет сломался через неделю.",2,0.0,2026-03-15 14:00:00,Фитнес-браслет Honor,user_015,Клиент_15,+79142730711,0,0,1.4731404,-2.4482112
274,"Брак с завода, умные вернул обратно.",1,0.0,2026-03-15 14:00:00,Умные часы Apple,user_019,Клиент_19,+79193710484,0,0,-0.3976233,-1.1937888
53,"Купил колонка жене, она в восторге.",5,1.0,2026-03-15 15:00:00,Колонка JBL,user_032,Клиент_32,+79831160531,4,0,-1.6615074,-0.1184661
273,"Отличный ноутбук, очень доволен покупкой!",5,1.0,2026-03-15 19:00:00,Ноутбук Lenovo,user_020,Клиент_20,+79839419876,1,0,0.7953594,2.2295003
219,"Супер фитнес-браслет! За эти деньги — лучшее, что есть.",5,1.0,2026-03-15 20:00:00,Фитнес-браслет Honor,user_007,Клиент_7,+79829285991,3,0,-0.9075584,-0.08638764
537,"Лучший планшет из всех, что были у меня.",4,1.0,2026-03-16 08:00:00,Планшет Samsung,user_005,Клиент_5,+79383130317,1,0,1.3550049,1.8375398
31,"Купил смартфон жене, она в восторге.",5,1.0,2026-03-16 11:00:00,Смартфон Xiaomi,user_032,Клиент_32,+79061744569,4,0,-0.24501187,0.686973
329,"Отличный планшет, очень доволен покупкой!",5,1.0,2026-03-16 12:00:00,Планшет Samsung,user_020,Клиент_20,+79914795894,1,0,1.3378626,2.185607
598,"Замечательное качество, ноутбук работает безупречно.",5,1.0,2026-03-16 12:00:00,Ноутбук Lenovo,user_007,Клиент_7,+79934497839,1,0,0.6676157,2.2934022
215,"Отличный ноутбук, очень доволен покупкой!",5,1.0,2026-03-16 20:00:00,Ноутбук Lenovo,user_039,Клиент_39,+79142472191,1,0,0.7953591,2.2295003
476,"Пользуюсь кофемашина месяц, нареканий ноль.",5,1.0,2026-03-16 21:00:00,Кофемашина DeLonghi,user_007,Клиент_7,+79432096509,2,0,0.16291922,-1.3167067
308,"Лучший умные из всех, что были у меня.",4,1.0,2026-03-16 23:00:00,Умные часы Apple,user_027,Клиент_27,+79032831006,3,0,-0.85793144,-0.2143297
581,"Великолепный фитнес-браслет, упаковка целая, доставка быстрая.",5,1.0,2026-03-17 07:00:00,Фитнес-браслет Honor,user_031,Клиент_31,+79083440240,3,0,-0.5201999,0.22335543
151,"Замечательное качество, умные работает безупречно.",5,1.0,2026-03-17 08:00:00,Умные часы Apple,user_006,Клиент_6,+79104288405,3,0,-1.0115961,0.6709178
21,"Отвратительная сборка, планшет развалился сразу.",2,0.0,2026-03-17 10:00:00,Планшет Samsung,user_007,Клиент_7,+79373148896,1,0,2.773656,-0.70890987
407,"Супер планшет! За эти деньги — лучшее, что есть.",5,1.0,2026-03-17 13:00:00,Планшет Samsung,user_019,Клиент_19,+79959659798,3,0,-0.38904592,0.5216462
434,"Лучший электрочайник из всех, что были у меня.",5,1.0,2026-03-18 00:00:00,Электрочайник Bosch,user_035,Клиент_35,+79757437232,3,0,-0.6787192,-0.18448372
565,"Супер смартфон! За эти деньги — лучшее, что есть.",4,1.0,2026-03-18 00:00:00,Смартфон Xiaomi,user_018,Клиент_18,+79514057453,3,0,0.08374605,0.9171963
100,"Прекрасная вещь, кофемашина оправдал каждый рубль.",5,1.0,2026-03-18 01:00:00,Кофемашина DeLonghi,user_003,Клиент_3,+79611039412,2,0,-1.7910931,-0.19286875
335,"Супер планшет! За эти деньги — лучшее, что есть.",5,1.0,2026-03-18 01:00:00,Планшет Samsung,user_030,Клиент_30,+79485137384,3,0,-0.38904592,0.5216462
595,"Замечательное качество, планшет работает безупречно.",4,1.0,2026-03-18 02:00:00,Планшет Samsung,user_019,Клиент_19,+79778360516,1,0,1.1029195,2.2057145
464,"Замечательное качество, умные работает безупречно.",5,1.0,2026-03-18 08:00:00,Умные часы Apple,user_017,Клиент_17,+79343731184,3,0,-1.0115961,0.6709178
302,"Очень плохо, колонка перегревается и тормозит.",1,0.0,2026-03-18 11:00:00,Колонка JBL,user_018,Клиент_18,+79686217709,0,0,1.0881844,-2.216038
348,"Лучший фитнес-браслет из всех, что были у меня.",5,1.0,2026-03-18 18:00:00,Фитнес-браслет Honor,user_015,Клиент_15,+79457841960,3,0,-0.6850868,-0.25680265
47,"Брак с завода, робот-пылесос вернул обратно.",2,0.0,2026-03-18 22:00:00,Робот-пылесос Xiaomi,user_028,Клиент_28,+79756230048,0,0,-0.04958047,-1.7975037
527,"Супер планшет! За эти деньги — лучшее, что есть.",4,1.0,2026-03-19 06:00:00,Планшет Samsung,user_019,Клиент_19,+79423942084,3,0,-0.38904592,0.5216462
41,"фитнес-браслет превзошёл ожидания, рекомендую всем.",5,1.0,2026-03-19 11:00:00,Фитнес-браслет Honor,user_013,Клиент_13,+79027948111,3,0,-0.59933156,-0.30511907
80,"Идеальное соотношение цены и качества, колонка топ.",5,1.0,2026-03-19 11:00:00,Колонка JBL,user_010,Клиент_10,+79592252218,3,0,-1.170133,1.0299276
513,"Так себе покупка, планшет на троечку.",3,,2026-03-19 13:00:00,Планшет Samsung,user_018,Клиент_18,+79286383510,1,0,1.1397575,0.8222755
440,"Лучший электрочайник из всех, что были у меня.",4,1.0,2026-03-19 17:00:00,Электрочайник Bosch,user_004,Клиент_4,+79219521737,3,0,-0.6787192,-0.18448372
430,"Идеальное соотношение цены и качества, робот-пылесос топ.",4,1.0,2026-03-19 19:00:00,Робот-пылесос Xiaomi,user_009,Клиент_9,+79701412600,3,0,-0.9369128,0.43724626
187,"Лучший колонка из всех, что были у меня.",4,1.0,2026-03-19 22:00:00,Колонка JBL,user_001,Клиент_1,+79038164256,3,0,-0.8642667,0.088133946
395,"Купил фитнес-браслет жене, она в восторге.",4,1.0,2026-03-19 22:00:00,Фитнес-браслет Honor,user_029,Клиент_29,+79415026534,4,0,-1.3818349,-0.2746365
555,"Прекрасная вещь, колонка оправдал каждый рубль.",5,1.0,2026-03-19 23:00:00,Колонка JBL,user_023,Клиент_23,+79632905669,3,0,-1.2896942,0.060921088
290,"Идеальное соотношение цены и качества, кофемашина топ.",4,1.0,2026-03-20 06:00:00,Кофемашина DeLonghi,user_022,Клиент_22,+79819735930,2,0,-1.75171,0.7157399
146,"Обычный планшет, без восторга и без жалоб.",3,,2026-03-20 08:00:00,Планшет Samsung,user_032,Клиент_32,+79849122799,1,0,1.9455034,1.2330866
328,"Кошмар, электрочайник пришёл с дефектом.",2,0.0,2026-03-20 12:00:00,Электрочайник Bosch,user_002,Клиент_2,+79509430698,0,0,1.0620968,-2.2471378
420,"Полное разочарование, планшет не работает как описано.",2,0.0,2026-03-20 20:00:00,Планшет Samsung,user_040,Клиент_40,+79441506969,1,0,3.1762264,-0.5472795
475,"Идеальное соотношение цены и качества, колонка топ.",4,1.0,2026-03-20 22:00:00,Колонка JBL,user_013,Клиент_13,+79037965454,3,0,-1.170133,1.0299276
155,"Супер умные! За эти деньги — лучшее, что есть.",5,1.0,2026-03-20 23:00:00,Умные часы Apple,user_030,Клиент_30,+79216316702,3,0,-0.9454479,0.18099497
547,"Обычный ноутбук, без восторга и без жалоб.",3,,2026-03-20 23:00:00,Ноутбук Lenovo,user_035,Клиент_35,+79547111463,1,0,1.6370993,1.3228185
257,"Не рекомендую смартфон, деньги на ветер.",2,0.0,2026-03-21 06:00:00,Смартфон Xiaomi,user_003,Клиент_3,+79501475263,1,0,1.6184523,0.2449333
238,"Отличный электрочайник, очень доволен покупкой!",5,1.0,2026-03-21 09:00:00,Электрочайник Bosch,user_029,Клиент_29,+79869662035,3,0,-0.94414073,0.3659001
536,"Обычный электрочайник, без восторга и без жалоб.",3,,2026-03-21 16:00:00,Электрочайник Bosch,user_037,Клиент_37,+79965494663,0,0,-0.10575819,-0.52663654
192,"Идеальное соотношение цены и качества, робот-пылесос топ.",5,1.0,2026-03-21 18:00:00,Робот-пылесос Xiaomi,user_038,Клиент_38,+79564999453,3,0,-0.9369128,0.43724626
346,"Замечательное качество, колонка работает безупречно.",4,1.0,2026-03-21 18:00:00,Колонка JBL,user_003,Клиент_3,+79924284630,3,0,-1.1045512,0.87226933
372,"Так себе покупка, смартфон на троечку.",3,,2026-03-21 18:00:00,Смартфон Xiaomi,user_025,Клиент_25,+79122095883,1,0,1.2500705,0.9359258
127,"Идеальное соотношение цены и качества, смартфон топ.",4,1.0,2026-03-21 21:00:00,Смартфон Xiaomi,user_014,Клиент_14,+79928600309,1,0,0.55965304,2.0768642
88,"Прекрасная вещь, смартфон оправдал каждый рубль.",4,1.0,2026-03-22 00:00:00,Смартфон Xiaomi,user_004,Клиент_4,+79447503268,1,0,0.67936885,1.476841
152,"Брак с завода, умные вернул обратно.",1,0.0,2026-03-22 00:00:00,Умные часы Apple,user_013,Клиент_13,+79449668297,0,0,-0.3976233,-1.1937888
90,"Идеальное соотношение цены и качества, кофемашина топ.",5,1.0,2026-03-22 02:00:00,Кофемашина DeLonghi,user_016,Клиент_16,+79981397539,2,0,-1.75171,0.7157398
51,"Очень плохо, колонка перегревается и тормозит.",1,0.0,2026-03-22 03:00:00,Колонка JBL,user_026,Клиент_26,+79831953076,0,0,1.0881844,-2.216038
421,"Лучший наушники из всех, что были у меня.",5,1.0,2026-03-22 04:00:00,Наушники Sony,user_001,Клиент_1,+79963847252,3,0,-0.5055064,0.11944477
484,"робот-пылесос как робот-пылесос, ожидал большего.",3,,2026-03-22 09:00:00,Робот-пылесос Xiaomi,user_020,Клиент_20,+79819685447,0,0,-0.37999225,-1.6284198
37,"Полное разочарование, наушники не работает как описано.",1,0.0,2026-03-22 13:00:00,Наушники Sony,user_015,Клиент_15,+79308468106,0,0,1.541099,-2.1308982
98,"Идеальное соотношение цены и качества, электрочайник топ.",4,1.0,2026-03-22 15:00:00,Электрочайник Bosch,user_004,Клиент_4,+79845039026,3,0,-0.90300816,0.71820796
341,"Хуже умные не видел, обманули с характеристиками.",2,0.0,2026-03-22 19:00:00,Умные часы Apple,user_029,Клиент_29,+79141629384,0,0,0.5302133,-1.875948
85,"умные превзошёл ожидания, рекомендую всем.",5,1.0,2026-03-22 22:00:00,Умные часы Apple,user_038,Клиент_38,+79358022712,3,0,-0.72844845,-0.13610329
293,"Лучший смартфон из всех, что были у меня.",5,1.0,2026-03-23 01:00:00,Смартфон Xiaomi,user_002,Клиент_2,+79337691138,1,0,1.4690024,1.9829866
226,"Супер электрочайник! За эти деньги — лучшее, что есть.",5,1.0,2026-03-23 04:00:00,Электрочайник Bosch,user_004,Клиент_4,+79679875650,3,0,-0.8578653,-0.01736378
486,"Очень плохо, колонка перегревается и тормозит.",2,0.0,2026-03-23 04:00:00,Колонка JBL,user_010,Клиент_10,+79813729962,0,0,1.0881844,-2.216038
13,"Идеальное соотношение цены и качества, наушники топ.",5,1.0,2026-03-23 11:00:00,Наушники Sony,user_021,Клиент_21,+79561335360,3,0,-0.69804513,1.087757
18,"наушники превзошёл ожидания, рекомендую всем.",5,1.0,2026-03-23 12:00:00,Наушники Sony,user_032,Клиент_32,+79986978821,3,0,-0.40350187,-0.09876904
591,"Купил колонка жене, она в восторге.",4,1.0,2026-03-23 12:00:00,Колонка JBL,user_005,Клиент_5,+79753031976,4,0,-1.6615075,-0.11846624
15,"Прекрасная вещь, электрочайник оправдал каждый рубль.",5,1.0,2026-03-23 13:00:00,Электрочайник Bosch,user_004,Клиент_4,+79558154212,3,0,-1.11899,-0.29191557
520,"Супер фитнес-браслет! За эти деньги — лучшее, что есть.",5,1.0,2026-03-23 13:00:00,Фитнес-браслет Honor,user_027,Клиент_27,+79063923630,3,0,-0.9075584,-0.08638764
271,"электрочайник как электрочайник, ожидал большего.",3,,2026-03-23 15:00:00,Электрочайник Bosch,user_028,Клиент_28,+79831594712,0,0,-0.2989906,-1.3264414
299,"Замечательное качество, фитнес-браслет работает безупречно.",4,1.0,2026-03-23 15:00:00,Фитнес-браслет Honor,user_040,Клиент_40,+79726464902,3,0,-1.0146595,0.51699674
530,"Нормальный планшет, ничего особенного.",3,,2026-03-24 00:00:00,Планшет Samsung,user_005,Клиент_5,+79043659389,1,0,1.6611637,0.4932709
162,"Брак с завода, смартфон вернул обратно.",1,0.0,2026-03-24 01:00:00,Смартфон Xiaomi,user_040,Клиент_40,+79453374609,1,0,1.7210046,-0.14650875
250,"Не покупайте кофемашина, ужас.",2,0.0,2026-03-24 04:00:00,Кофемашина DeLonghi,user_007,Клиент_7,+79415557768,2,0,0.18208371,-1.8901012
109,"Нормальный планшет, ничего особенного.",3,,2026-03-24 08:00:00,Планшет Samsung,user_023,Клиент_23,+79587318018,1,0,1.6611637,0.4932709
287,"Лучший умные из всех, что были у меня.",4,1.0,2026-03-24 09:00:00,Умные часы Apple,user_019,Клиент_19,+79286928780,3,0,-0.85793144,-0.2143297
594,"Прекрасная вещь, умные оправдал каждый рубль.",4,1.0,2026-03-24 10:00:00,Умные часы Apple,user_012,Клиент_12,+79395480540,3,0,-1.1864245,-0.008633348
79,"Отличный ноутбук, очень доволен покупкой!",4,1.0,2026-03-24 11:00:00,Ноутбук Lenovo,user_019,Клиент_19,+79675703685,1,0,0.7953591,2.2295003
578,"Лучший колонка из всех, что были у меня.",4,1.0,2026-03-24 22:00:00,Колонка JBL,user_018,Клиент_18,+79408528558,3,0,-0.8642667,0.088133946
204,"Лучший умные из всех, что были у меня.",5,1.0,2026-03-25 01:00:00,Умные часы Apple,user_017,Клиент_17,+79139471516,3,0,-0.85793144,-0.2143297
298,"Пользуюсь колонка месяц, нареканий ноль.",4,1.0,2026-03-25 08:00:00,Колонка JBL,user_005,Клиент_5,+79104507386,0,0,0.53504086,-1.2729393
541,"Пользуюсь фитнес-браслет месяц, нареканий ноль.",5,1.0,2026-03-25 11:00:00,Фитнес-браслет Honor,user_013,Клиент_13,+79917275462,0,0,0.5975637,-1.3201587
342,"Идеальное соотношение цены и качества, наушники топ.",4,1.0,2026-03-25 17:00:00,Наушники Sony,user_005,Клиент_5,+79802854813,3,0,-0.69804513,1.087757
183,"Кошмар, наушники пришёл с дефектом.",1,0.0,2026-03-26 03:00:00,Наушники Sony,user_012,Клиент_12,+79346972588,0,0,1.3907615,-2.2039793
179,"умные превзошёл ожидания, рекомендую всем.",5,1.0,2026-03-26 05:00:00,Умные часы Apple,user_006,Клиент_6,+79762293467,3,0,-0.72844845,-0.13610329
549,"Лучший фитнес-браслет из всех, что были у меня.",4,1.0,2026-03-26 07:00:00,Фитнес-браслет Honor,user_014,Клиент_14,+79715016249,3,0,-0.6850868,-0.25680265
102,"Обычный умные, без восторга и без жалоб.",3,,2026-03-26 11:00:00,Умные часы Apple,user_022,Клиент_22,+79773290335,3,0,-0.43407303,-0.3869449
272,"Брак с завода, смартфон вернул обратно.",1,0.0,2026-03-26 21:00:00,Смартфон Xiaomi,user_031,Клиент_31,+79638003473,1,0,1.7210042,-0.14650862
185,"Так себе покупка, фитнес-браслет на троечку.",3,,2026-03-27 04:00:00,Фитнес-браслет Honor,user_023,Клиент_23,+79524565498,3,0,-0.30429533,-0.43616802
431,"Прекрасная вещь, ноутбук оправдал каждый рубль.",4,1.0,2026-03-27 16:00:00,Ноутбук Lenovo,user_010,Клиент_10,+79171382966,1,0,0.39880526,1.4469551
110,"Прекрасная вещь, электрочайник оправдал каждый рубль.",4,1.0,2026-03-28 07:00:00,Электрочайник Bosch,user_010,Клиент_10,+79774084317,3,0,-1.1189897,-0.29191533
449,"Отвратительная сборка, наушники развалился сразу.",1,0.0,2026-03-28 07:00:00,Наушники Sony,user_015,Клиент_15,+79326862014,0,0,1.2612002,-2.1345408
279,"Кошмар, ноутбук пришёл с дефектом.",2,0.0,2026-03-28 09:00:00,Ноутбук Lenovo,user_005,Клиент_5,+79198671440,1,0,2.6345584,-0.66487455
173,"Великолепный смартфон, упаковка целая, доставка быстрая.",5,1.0,2026-03-28 10:00:00,Смартфон Xiaomi,user_007,Клиент_7,+79887956435,1,0,1.4866546,2.0514936
75,"Зря потратил деньги на фитнес-браслет, верну по гарантии.",2,0.0,2026-03-28 15:00:00,Фитнес-браслет Honor,user_004,Клиент_4,+79617531439,0,0,-0.26059687,-1.2405227
323,"Пользуюсь наушники месяц, нареканий ноль.",5,1.0,2026-03-28 15:00:00,Наушники Sony,user_035,Клиент_35,+79619539587,0,0,1.0326219,-1.0923849
380,"Кошмар, электрочайник пришёл с дефектом.",2,0.0,2026-03-28 21:00:00,Электрочайник Bosch,user_004,Клиент_4,+79285649143,0,0,1.0620968,-2.2471378
92,"Прекрасная вещь, ноутбук оправдал каждый рубль.",5,1.0,2026-03-29 02:00:00,Ноутбук Lenovo,user_028,Клиент_28,+79888770992,1,0,0.3988054,1.4469551
27,"Супер кофемашина! За эти деньги — лучшее, что есть.",4,1.0,2026-03-29 03:00:00,Кофемашина DeLonghi,user_024,Клиент_24,+79096848618,2,0,-1.3819033,-0.025380261
111,"Великолепный электрочайник, упаковка целая, доставка быстрая.",4,1.0,2026-03-29 12:00:00,Электрочайник Bosch,user_015,Клиент_15,+79955614652,3,0,-0.56140256,0.24776575
505,"Великолепный кофемашина, упаковка целая, доставка быстрая.",5,1.0,2026-03-29 22:00:00,Кофемашина DeLonghi,user_025,Клиент_25,+79447791131,2,0,-1.3370087,0.20622295
411,"Средненько, робот-пылесос работает, но есть нюансы.",3,,2026-03-30 07:00:00,Робот-пылесос Xiaomi,user_017,Клиент_17,+79287836786,0,0,0.22107123,-1.474259
119,"Лучший кофемашина из всех, что были у меня.",4,1.0,2026-03-30 08:00:00,Кофемашина DeLonghi,user_001,Клиент_1,+79662881518,2,0,-1.5450792,-0.018631997
563,"Прекрасная вещь, робот-пылесос оправдал каждый рубль.",4,1.0,2026-03-30 12:00:00,Робот-пылесос Xiaomi,user_028,Клиент_28,+79521148339,3,0,-1.1276686,-0.51051897
67,"Прекрасная вещь, фитнес-браслет оправдал каждый рубль.",5,1.0,2026-03-30 14:00:00,Фитнес-браслет Honor,user_032,Клиент_32,+79732210969,3,0,-1.2223321,-0.22751535
379,"Средненько, колонка работает, но есть нюансы.",3,,2026-03-30 15:00:00,Колонка JBL,user_019,Клиент_19,+79079879657,0,0,0.16021538,-1.0336592
572,"Очень плохо, робот-пылесос перегревается и тормозит.",1,0.0,2026-03-30 18:00:00,Робот-пылесос Xiaomi,user_020,Клиент_20,+79814331349,0,0,1.0345626,-2.4185276
350,"Великолепный кофемашина, упаковка целая, доставка быстрая.",4,1.0,2026-03-30 20:00:00,Кофемашина DeLonghi,user_040,Клиент_40,+79107416332,2,0,-1.3370087,0.20622295
210,"робот-пылесос превзошёл ожидания, рекомендую всем.",5,1.0,2026-03-31 09:00:00,Робот-пылесос Xiaomi,user_003,Клиент_3,+79442667086,3,0,-0.58032113,-0.511358
364,"Купил ноутбук жене, она в восторге.",5,1.0,2026-03-31 09:00:00,Ноутбук Lenovo,user_010,Клиент_10,+79911643767,4,0,-0.38779142,0.77410537
507,"Идеальное соотношение цены и качества, наушники топ.",5,1.0,2026-03-31 11:00:00,Наушники Sony,user_017,Клиент_17,+79022692937,3,0,-0.69804513,1.087757
136,"Купил фитнес-браслет жене, она в восторге.",5,1.0,2026-03-31 13:00:00,Фитнес-браслет Honor,user_039,Клиент_39,+79644751595,4,0,-1.3818349,-0.2746365
243,"Так себе покупка, планшет на троечку.",3,,2026-03-31 15:00:00,Планшет Samsung,user_012,Клиент_12,+79303320275,1,0,1.1397575,0.8222755
596,"Супер смартфон! За эти деньги — лучшее, что есть.",5,1.0,2026-03-31 19:00:00,Смартфон Xiaomi,user_024,Клиент_24,+79843457574,3,0,0.08374605,0.9171963
276,"Полное разочарование, смартфон не работает как описано.",2,0.0,2026-03-31 20:00:00,Смартфон Xiaomi,user_008,Клиент_8,+79314094339,1,0,3.0922878,-0.64340013
86,"Супер ноутбук! За эти деньги — лучшее, что есть.",4,1.0,2026-03-31 23:00:00,Ноутбук Lenovo,user_001,Клиент_1,+79718617030,3,0,-0.06873415,1.0657853
218,"Великолепный электрочайник, упаковка целая, доставка быстрая.",4,1.0,2026-04-01 04:00:00,Электрочайник Bosch,user_034,Клиент_34,+79972282980,3,0,-0.5614024,0.2477656
589,"Отличный кофемашина, очень доволен покупкой!",5,1.0,2026-04-01 04:00:00,Кофемашина DeLonghi,user_034,Клиент_34,+79069937888,2,0,-1.5444789,0.38499007
545,"Супер электрочайник! За эти деньги — лучшее, что есть.",4,1.0,2026-04-01 14:00:00,Электрочайник Bosch,user_029,Клиент_29,+79186773924,3,0,-0.8578653,-0.01736378
225,"Супер кофемашина! За эти деньги — лучшее, что есть.",4,1.0,2026-04-01 15:00:00,Кофемашина DeLonghi,user_024,Клиент_24,+79075255055,2,0,-1.3819032,-0.0253802
320,"умные как умные, ожидал большего.",3,,2026-04-01 22:00:00,Умные часы Apple,user_035,Клиент_35,+79961365808,0,0,-0.6718665,-0.90349257
35,"Отвратительная сборка, электрочайник развалился сразу.",2,0.0,2026-04-02 02:00:00,Электрочайник Bosch,user_012,Клиент_12,+79246934803,0,0,1.0576321,-2.1130736
148,"Нормальный робот-пылесос, ничего особенного.",3,,2026-04-02 08:00:00,Робот-пылесос Xiaomi,user_018,Клиент_18,+79714823995,0,0,0.0675043,-1.1967714
424,"Купил наушники жене, она в восторге.",4,1.0,2026-04-02 10:00:00,Наушники Sony,user_016,Клиент_16,+79075066876,4,0,-1.4405043,-0.08470469
14,"Кошмар, ноутбук пришёл с дефектом.",2,0.0,2026-04-02 15:00:00,Ноутбук Lenovo,user_019,Клиент_19,+79846087124,1,0,2.6345584,-0.66487455
443,"Отвратительная сборка, ноутбук развалился сразу.",2,0.0,2026-04-02 20:00:00,Ноутбук Lenovo,user_014,Клиент_14,+79301641200,1,0,2.5895689,-0.6752833
235,"Средненько, ноутбук работает, но есть нюансы.",3,,2026-04-02 21:00:00,Ноутбук Lenovo,user_037,Клиент_37,+79732822701,1,0,1.8520789,0.3658971
291,"колонка превзошёл ожидания, рекомендую всем.",4,1.0,2026-04-02 23:00:00,Колонка JBL,user_003,Клиент_3,+79659509678,3,0,-0.6860952,-0.08540124
447,"Полное разочарование, ноутбук не работает как описано.",2,0.0,2026-04-03 03:00:00,Ноутбук Lenovo,user_002,Клиент_2,+79533579343,1,0,2.7098992,-0.7354292
71,"умные превзошёл ожидания, рекомендую всем.",4,1.0,2026-04-03 05:00:00,Умные часы Apple,user_012,Клиент_12,+79789539720,3,0,-0.7284485,-0.13610321
377,"Замечательное качество, наушники работает безупречно.",5,1.0,2026-04-03 06:00:00,Наушники Sony,user_021,Клиент_21,+79782696771,3,0,-0.5642281,0.68369305
494,"Средненько, умные работает, но есть нюансы.",3,,2026-04-03 10:00:00,Умные часы Apple,user_030,Клиент_30,+79413769527,0,0,0.01934106,-0.87093884
355,"Отличный планшет, очень доволен покупкой!",5,1.0,2026-04-03 16:00:00,Планшет Samsung,user_008,Клиент_8,+79732579160,1,0,1.3378626,2.185607
251,"Замечательное качество, электрочайник работает безупречно.",4,1.0,2026-04-03 19:00:00,Электрочайник Bosch,user_027,Клиент_27,+79009928377,3,0,-0.8496569,0.44732407
448,"Кошмар, наушники пришёл с дефектом.",2,0.0,2026-04-04 09:00:00,Наушники Sony,user_022,Клиент_22,+79513419743,0,0,1.3907615,-2.2039793
23,"Купил колонка жене, она в восторге.",5,1.0,2026-04-04 10:00:00,Колонка JBL,user_011,Клиент_11,+79759722586,4,0,-1.6615074,-0.1184661
280,"Пользуюсь ноутбук месяц, нареканий ноль.",5,1.0,2026-04-04 12:00:00,Ноутбук Lenovo,user_006,Клиент_6,+79984983457,1,0,1.901153,-0.11857592
399,"умные как умные, ожидал большего.",3,,2026-04-04 15:00:00,Умные часы Apple,user_037,Клиент_37,+79113655172,0,0,-0.6718665,-0.90349257
246,"наушники превзошёл ожидания, рекомендую всем.",5,1.0,2026-04-04 18:00:00,Наушники Sony,user_025,Клиент_25,+79112038102,3,0,-0.40350187,-0.09876904
573,"Замечательное качество, электрочайник работает безупречно.",4,1.0,2026-04-04 19:00:00,Электрочайник Bosch,user_035,Клиент_35,+79912100605,3,0,-0.8496569,0.44732407
128,"Идеальное соотношение цены и качества, электрочайник топ.",4,1.0,2026-04-04 20:00:00,Электрочайник Bosch,user_015,Клиент_15,+79494877782,3,0,-0.90300816,0.71820796
10,"Прекрасная вещь, планшет оправдал каждый рубль.",5,1.0,2026-04-05 02:00:00,Планшет Samsung,user_013,Клиент_13,+79768490337,1,0,0.55656874,1.2457974
101,"Купил смартфон жене, она в восторге.",5,1.0,2026-04-05 09:00:00,Смартфон Xiaomi,user_007,Клиент_7,+79361825488,4,0,-0.24501179,0.686973
133,"Нормальный смартфон, ничего особенного.",3,,2026-04-05 12:00:00,Смартфон Xiaomi,user_026,Клиент_26,+79709836252,1,0,1.9570146,0.6595322
504,"смартфон превзошёл ожидания, рекомендую всем.",4,1.0,2026-04-05 18:00:00,Смартфон Xiaomi,user_002,Клиент_2,+79501728770,1,0,0.88124466,1.0607978
116,"Не покупайте планшет, ужас.",1,0.0,2026-04-05 20:00:00,Планшет Samsung,user_017,Клиент_17,+79367382582,1,0,2.1787665,-0.37905604
522,"Не покупайте колонка, ужас.",1,0.0,2026-04-05 20:00:00,Колонка JBL,user_004,Клиент_4,+79083707460,0,0,0.41043687,-1.4701328
120,"планшет превзошёл ожидания, рекомендую всем.",4,1.0,2026-04-06 03:00:00,Планшет Samsung,user_017,Клиент_17,+79829283291,1,0,1.059302,1.2635994
344,"Супер умные! За эти деньги — лучшее, что есть.",4,1.0,2026-04-06 05:00:00,Умные часы Apple,user_037,Клиент_37,+79742572185,3,0,-0.9454479,0.18099497
584,"Купил ноутбук жене, она в восторге.",4,1.0,2026-04-06 13:00:00,Ноутбук Lenovo,user_014,Клиент_14,+79331537748,4,0,-0.38779142,0.77410537
332,"Не покупайте фитнес-браслет, ужас.",1,0.0,2026-04-06 15:00:00,Фитнес-браслет Honor,user_030,Клиент_30,+79779130554,0,0,0.7191499,-1.7386785
76,"Зря потратил деньги на электрочайник, верну по гарантии.",2,0.0,2026-04-07 03:00:00,Электрочайник Bosch,user_039,Клиент_39,+79942524559,0,0,-0.24845372,-1.3041239
318,"Хуже электрочайник не видел, обманули с характеристиками.",1,0.0,2026-04-07 10:00:00,Электрочайник Bosch,user_008,Клиент_8,+79928516447,0,0,0.45968583,-1.8502827
438,"Купил электрочайник жене, она в восторге.",5,1.0,2026-04-07 12:00:00,Электрочайник Bosch,user_022,Клиент_22,+79309350887,4,0,-1.482006,-0.34214592
230,"Великолепный электрочайник, упаковка целая, доставка быстрая.",5,1.0,2026-04-07 21:00:00,Электрочайник Bosch,user_014,Клиент_14,+79412705456,3,0,-0.5614024,0.2477656
521,"Очень плохо, ноутбук перегревается и тормозит.",1,0.0,2026-04-07 22:00:00,Ноутбук Lenovo,user_012,Клиент_12,+79007513706,1,0,2.6756656,-0.52681166
289,"Очень плохо, смартфон перегревается и тормозит.",2,0.0,2026-04-07 23:00:00,Смартфон Xiaomi,user_016,Клиент_16,+79852930850,1,0,3.0798979,-0.51324904
373,"кофемашина превзошёл ожидания, рекомендую всем.",5,1.0,2026-04-07 23:00:00,Кофемашина DeLonghi,user_018,Клиент_18,+79058890102,2,0,-1.3243906,-0.07998823
267,"Средненько, робот-пылесос работает, но есть нюансы.",3,,2026-04-08 00:00:00,Робот-пылесос Xiaomi,user_023,Клиент_23,+79735958178,0,0,0.22107136,-1.4742594
428,"Супер кофемашина! За эти деньги — лучшее, что есть.",4,1.0,2026-04-08 05:00:00,Кофемашина DeLonghi,user_030,Клиент_30,+79041943369,2,0,-1.3819033,-0.025380261
229,"Идеальное соотношение цены и качества, колонка топ.",4,1.0,2026-04-08 09:00:00,Колонка JBL,user_017,Клиент_17,+79886056369,3,0,-1.170133,1.0299276
7,"Полное разочарование, электрочайник не работает как описано.",1,0.0,2026-04-08 16:00:00,Электрочайник Bosch,user_037,Клиент_37,+79734299783,0,0,1.3140191,-2.2599542
207,"Великолепный фитнес-браслет, упаковка целая, доставка быстрая.",4,1.0,2026-04-08 17:00:00,Фитнес-браслет Honor,user_012,Клиент_12,+79834341273,3,0,-0.5201999,0.22335543
437,"Отвратительная сборка, электрочайник развалился сразу.",2,0.0,2026-04-08 17:00:00,Электрочайник Bosch,user_004,Клиент_4,+79697568026,0,0,1.0576321,-2.1130736
222,"Прекрасная вещь, наушники оправдал каждый рубль.",4,1.0,2026-04-09 00:00:00,Наушники Sony,user_023,Клиент_23,+79983525760,3,0,-0.7100328,-0.07354845
354,"Полное разочарование, наушники не работает как описано.",2,0.0,2026-04-09 01:00:00,Наушники Sony,user_026,Клиент_26,+79937889972,0,0,1.541099,-2.1308982
497,"Пользуюсь смартфон месяц, нареканий ноль.",5,1.0,2026-04-09 09:00:00,Смартфон Xiaomi,user_036,Клиент_36,+79482228234,1,0,2.229014,0.027155913
402,"Отличный робот-пылесос, очень доволен покупкой!",5,1.0,2026-04-09 10:00:00,Робот-пылесос Xiaomi,user_003,Клиент_3,+79404916616,3,0,-0.85755306,-0.111523956
579,"Идеальное соотношение цены и качества, робот-пылесос топ.",4,1.0,2026-04-09 11:00:00,Робот-пылесос Xiaomi,user_002,Клиент_2,+79102297414,3,0,-0.9369128,0.43724626
228,"Великолепный планшет, упаковка целая, доставка быстрая.",5,1.0,2026-04-09 15:00:00,Планшет Samsung,user_007,Клиент_7,+79294250670,1,0,1.3402425,1.784498
419,"Прекрасная вещь, робот-пылесос оправдал каждый рубль.",4,1.0,2026-04-09 19:00:00,Робот-пылесос Xiaomi,user_014,Клиент_14,+79413976092,3,0,-1.1276686,-0.51051897
365,"Отличный наушники, очень доволен покупкой!",5,1.0,2026-04-09 23:00:00,Наушники Sony,user_004,Клиент_4,+79405214082,3,0,-0.52923447,0.56525576
414,"робот-пылесос как робот-пылесос, ожидал большего.",3,,2026-04-09 23:00:00,Робот-пылесос Xiaomi,user_001,Клиент_1,+79981984181,0,0,-0.37999225,-1.6284198
339,"Идеальное соотношение цены и качества, электрочайник топ.",5,1.0,2026-04-10 04:00:00,Электрочайник Bosch,user_029,Клиент_29,+79822576624,3,0,-0.90300816,0.71820796
452,"Очень плохо, робот-пылесос перегревается и тормозит.",1,0.0,2026-04-10 08:00:00,Робот-пылесос Xiaomi,user_035,Клиент_35,+79417642175,0,0,1.0345626,-2.4185276
186,"Идеальное соотношение цены и качества, электрочайник топ.",5,1.0,2026-04-10 13:00:00,Электрочайник Bosch,user_011,Клиент_11,+79757458524,3,0,-0.90300816,0.71820796
2,"Идеальное соотношение цены и качества, смартфон топ.",5,1.0,2026-04-10 17:00:00,Смартфон Xiaomi,user_032,Клиент_32,+79502153022,1,0,0.55965304,2.0768642
142,"Отвратительная сборка, колонка развалился сразу.",2,0.0,2026-04-10 17:00:00,Колонка JBL,user_027,Клиент_27,+79761073122,0,0,1.0171695,-2.1120756
325,"Супер колонка! За эти деньги — лучшее, что есть.",4,1.0,2026-04-11 02:00:00,Колонка JBL,user_022,Клиент_22,+79412645278,3,0,-1.0183798,0.2040574
45,"Обычный ноутбук, без восторга и без жалоб.",3,,2026-04-11 07:00:00,Ноутбук Lenovo,user_039,Клиент_39,+79495506670,1,0,1.6370993,1.3228185
72,"Купил фитнес-браслет жене, она в восторге.",5,1.0,2026-04-11 07:00:00,Фитнес-браслет Honor,user_019,Клиент_19,+79539644436,4,0,-1.3818349,-0.2746365
213,"Отличный колонка, очень доволен покупкой!",5,1.0,2026-04-11 07:00:00,Колонка JBL,user_021,Клиент_21,+79275415470,3,0,-1.0459509,0.6836528
409,"Супер смартфон! За эти деньги — лучшее, что есть.",4,1.0,2026-04-11 12:00:00,Смартфон Xiaomi,user_030,Клиент_30,+79701289341,3,0,0.08374605,0.9171963
454,"Замечательное качество, колонка работает безупречно.",5,1.0,2026-04-11 18:00:00,Колонка JBL,user_021,Клиент_21,+79623425678,3,0,-1.1045512,0.87226933
553,"Пользуюсь фитнес-браслет месяц, нареканий ноль.",4,1.0,2026-04-11 19:00:00,Фитнес-браслет Honor,user_033,Клиент_33,+79561997386,0,0,0.5975637,-1.3201587
236,"Идеальное соотношение цены и качества, электрочайник топ.",4,1.0,2026-04-11 22:00:00,Электрочайник Bosch,user_024,Клиент_24,+79607709750,3,0,-0.90300816,0.71820796
28,"Кошмар, кофемашина пришёл с дефектом.",2,0.0,2026-04-12 00:00:00,Кофемашина DeLonghi,user_008,Клиент_8,+79482694026,2,0,0.45872346,-2.1981506
135,"Прекрасная вещь, кофемашина оправдал каждый рубль.",5,1.0,2026-04-12 11:00:00,Кофемашина DeLonghi,user_035,Клиент_35,+79072026936,2,0,-1.7910928,-0.19286884
485,"Отличный наушники, очень доволен покупкой!",5,1.0,2026-04-12 11:00:00,Наушники Sony,user_039,Клиент_39,+79578543228,3,0,-0.5292344,0.5652556
558,"Великолепный смартфон, упаковка целая, доставка быстрая.",5,1.0,2026-04-12 15:00:00,Смартфон Xiaomi,user_036,Клиент_36,+79457143427,1,0,1.4866545,2.051494
580,"Замечательное качество, фитнес-браслет работает безупречно.",4,1.0,2026-04-12 15:00:00,Фитнес-браслет Honor,user_003,Клиент_3,+79343723942,3,0,-1.0146595,0.51699674
6,"Прекрасная вещь, колонка оправдал каждый рубль.",5,1.0,2026-04-12 18:00:00,Колонка JBL,user_008,Клиент_8,+79365200488,3,0,-1.2896943,0.060921185
387,"Купил наушники жене, она в восторге.",4,1.0,2026-04-12 19:00:00,Наушники Sony,user_010,Клиент_10,+79783076716,4,0,-1.4405043,-0.08470469
77,"Купил фитнес-браслет жене, она в восторге.",4,1.0,2026-04-12 23:00:00,Фитнес-браслет Honor,user_032,Клиент_32,+79929514242,4,0,-1.3818349,-0.2746365
315,"Зря потратил деньги на колонка, верну по гарантии.",2,0.0,2026-04-13 07:00:00,Колонка JBL,user_022,Клиент_22,+79385891459,0,0,-0.30122367,-1.1406074
24,"Идеальное соотношение цены и качества, наушники топ.",5,1.0,2026-04-13 10:00:00,Наушники Sony,user_030,Клиент_30,+79261713281,3,0,-0.69804513,1.087757
180,"смартфон превзошёл ожидания, рекомендую всем.",5,1.0,2026-04-13 12:00:00,Смартфон Xiaomi,user_005,Клиент_5,+79983384893,1,0,0.88124466,1.0607978
221,"Прекрасная вещь, робот-пылесос оправдал каждый рубль.",5,1.0,2026-04-13 19:00:00,Робот-пылесос Xiaomi,user_009,Клиент_9,+79209314048,3,0,-1.1276686,-0.51051897
479,"Идеальное соотношение цены и качества, смартфон топ.",5,1.0,2026-04-13 19:00:00,Смартфон Xiaomi,user_025,Клиент_25,+79518711742,1,0,0.55965304,2.0768642
340,"кофемашина как кофемашина, ожидал большего.",3,,2026-04-14 03:00:00,Кофемашина DeLonghi,user_016,Клиент_16,+79273235277,2,0,-1.2686031,-1.1293006
143,"Супер фитнес-браслет! За эти деньги — лучшее, что есть.",5,1.0,2026-04-14 09:00:00,Фитнес-браслет Honor,user_002,Клиент_2,+79893110816,3,0,-0.9075584,-0.086387634
73,"Замечательное качество, фитнес-браслет работает безупречно.",4,1.0,2026-04-14 13:00:00,Фитнес-браслет Honor,user_022,Клиент_22,+79756696258,3,0,-1.0146595,0.51699674
367,"Великолепный кофемашина, упаковка целая, доставка быстрая.",5,1.0,2026-04-14 15:00:00,Кофемашина DeLonghi,user_011,Клиент_11,+79593467209,2,0,-1.3370087,0.20622295
361,"Идеальное соотношение цены и качества, наушники топ.",4,1.0,2026-04-14 18:00:00,Наушники Sony,user_004,Клиент_4,+79134557111,3,0,-0.69804513,1.087757
66,"Не покупайте фитнес-браслет, ужас.",2,0.0,2026-04-14 21:00:00,Фитнес-браслет Honor,user_010,Клиент_10,+79963886266,0,0,0.7191499,-1.7386785
286,"Лучший умные из всех, что были у меня.",4,1.0,2026-04-14 22:00:00,Умные часы Apple,user_030,Клиент_30,+79387956474,3,0,-0.85793144,-0.2143297
95,"Лучший смартфон из всех, что были у меня.",4,1.0,2026-04-14 23:00:00,Смартфон Xiaomi,user_010,Клиент_10,+79288644678,1,0,1.4690024,1.9829866
282,"колонка превзошёл ожидания, рекомендую всем.",5,1.0,2026-04-14 23:00:00,Колонка JBL,user_014,Клиент_14,+79495777571,3,0,-0.6860951,-0.08540131
17,"Замечательное качество, смартфон работает безупречно.",5,1.0,2026-04-15 01:00:00,Смартфон Xiaomi,user_035,Клиент_35,+79279258868,1,0,0.8817269,2.1548932
514,"Лучший робот-пылесос из всех, что были у меня.",5,1.0,2026-04-16 01:00:00,Робот-пылесос Xiaomi,user_016,Клиент_16,+79381027186,3,0,-0.68923885,-0.62165344
214,"Великолепный умные, упаковка целая, доставка быстрая.",4,1.0,2026-04-16 10:00:00,Умные часы Apple,user_015,Клиент_15,+79134237460,3,0,-0.8443633,0.59072787
376,"Супер фитнес-браслет! За эти деньги — лучшее, что есть.",4,1.0,2026-04-16 18:00:00,Фитнес-браслет Honor,user_039,Клиент_39,+79908183620,3,0,-0.9075584,-0.086387634
525,"Очень плохо, колонка перегревается и тормозит.",2,0.0,2026-04-16 22:00:00,Колонка JBL,user_003,Клиент_3,+79285298838,0,0,1.0881844,-2.216038
445,"Супер фитнес-браслет! За эти деньги — лучшее, что есть.",4,1.0,2026-04-17 00:00:00,Фитнес-браслет Honor,user_018,Клиент_18,+79799576775,3,0,-0.9075584,-0.086387634
516,"Лучший робот-пылесос из всех, что были у меня.",4,1.0,2026-04-17 00:00:00,Робот-пылесос Xiaomi,user_039,Клиент_39,+79061239149,3,0,-0.68923885,-0.62165344
91,"Так себе покупка, фитнес-браслет на троечку.",3,,2026-04-17 01:00:00,Фитнес-браслет Honor,user_005,Клиент_5,+79659991941,3,0,-0.30429533,-0.43616802
65,"Ужасное качество, электрочайник сломался через неделю.",2,0.0,2026-04-17 02:00:00,Электрочайник Bosch,user_003,Клиент_3,+79409323575,0,0,1.3613616,-2.4742215
532,"Идеальное соотношение цены и качества, умные топ.",4,1.0,2026-04-17 08:00:00,Умные часы Apple,user_023,Клиент_23,+79013755191,3,0,-1.094094,1.1078527
167,"Купил планшет жене, она в восторге.",5,1.0,2026-04-17 12:00:00,Планшет Samsung,user_011,Клиент_11,+79223902413,4,0,-0.19563326,0.6868624
121,"Замечательное качество, колонка работает безупречно.",4,1.0,2026-04-17 19:00:00,Колонка JBL,user_040,Клиент_40,+79642274362,3,0,-1.1045513,0.87227005
390,"Обычный смартфон, без восторга и без жалоб.",3,,2026-04-17 19:00:00,Смартфон Xiaomi,user_003,Клиент_3,+79349742144,1,0,1.8754052,1.2480534
156,"Замечательное качество, смартфон работает безупречно.",4,1.0,2026-04-18 05:00:00,Смартфон Xiaomi,user_012,Клиент_12,+79312596490,1,0,0.8817269,2.1548932
129,"колонка превзошёл ожидания, рекомендую всем.",4,1.0,2026-04-18 09:00:00,Колонка JBL,user_014,Клиент_14,+79575489352,3,0,-0.6860951,-0.08540131
211,"наушники превзошёл ожидания, рекомендую всем.",5,1.0,2026-04-18 13:00:00,Наушники Sony,user_035,Клиент_35,+79734053898,3,0,-0.40350187,-0.09876904
540,"Отвратительная сборка, смартфон развалился сразу.",1,0.0,2026-04-18 15:00:00,Смартфон Xiaomi,user_011,Клиент_11,+79741532171,1,0,2.8431087,-0.5906924
178,"Хуже робот-пылесос не видел, обманули с характеристиками.",2,0.0,2026-04-18 16:00:00,Робот-пылесос Xiaomi,user_013,Клиент_13,+79738433552,0,0,0.26229176,-1.8540128
523,"Очень плохо, смартфон перегревается и тормозит.",1,0.0,2026-04-18 17:00:00,Смартфон Xiaomi,user_010,Клиент_10,+79465934459,1,0,3.0798976,-0.51324916
258,"Кошмар, смартфон пришёл с дефектом.",1,0.0,2026-04-18 18:00:00,Смартфон Xiaomi,user_004,Клиент_4,+79034042785,1,0,3.2058325,-0.53926826
351,"Отличный наушники, очень доволен покупкой!",5,1.0,2026-04-18 18:00:00,Наушники Sony,user_040,Клиент_40,+79668856207,3,0,-0.52923447,0.56525576
441,"фитнес-браслет превзошёл ожидания, рекомендую всем.",4,1.0,2026-04-18 18:00:00,Фитнес-браслет Honor,user_010,Клиент_10,+79586567944,3,0,-0.59933156,-0.30511907
576,"Купил смартфон жене, она в восторге.",4,1.0,2026-04-18 18:00:00,Смартфон Xiaomi,user_026,Клиент_26,+79888021935,4,0,-0.24501179,0.686973
87,"Брак с завода, колонка вернул обратно.",2,0.0,2026-04-18 21:00:00,Колонка JBL,user_026,Клиент_26,+79122097294,0,0,-0.18872595,-1.5899462
538,"Отличный ноутбук, очень доволен покупкой!",4,1.0,2026-04-18 22:00:00,Ноутбук Lenovo,user_031,Клиент_31,+79121884569,1,0,0.7953591,2.2295003
528,"Средненько, кофемашина работает, но есть нюансы.",3,,2026-04-19 08:00:00,Кофемашина DeLonghi,user_002,Клиент_2,+79148256314,2,0,-0.4201482,-1.0461369
415,"Идеальное соотношение цены и качества, электрочайник топ.",4,1.0,2026-04-19 09:00:00,Электрочайник Bosch,user_038,Клиент_38,+79312834745,3,0,-0.90300816,0.71820796
158,"Купил робот-пылесос жене, она в восторге.",5,1.0,2026-04-19 11:00:00,Робот-пылесос Xiaomi,user_038,Клиент_38,+79986301190,4,0,-1.4729886,-0.49353775
363,"Идеальное соотношение цены и качества, планшет топ.",4,1.0,2026-04-19 12:00:00,Планшет Samsung,user_026,Клиент_26,+79737213616,1,0,0.5191985,1.9764826
150,"Лучший ноутбук из всех, что были у меня.",4,1.0,2026-04-19 16:00:00,Ноутбук Lenovo,user_030,Клиент_30,+79581542614,1,0,0.8805188,2.0451279
168,"колонка как колонка, ожидал большего.",3,,2026-04-19 16:00:00,Колонка JBL,user_014,Клиент_14,+79227695496,0,0,-0.48168382,-1.0760151
333,"планшет превзошёл ожидания, рекомендую всем.",4,1.0,2026-04-19 18:00:00,Планшет Samsung,user_026,Клиент_26,+79294129062,1,0,1.059302,1.2635994
193,"Прекрасная вещь, ноутбук оправдал каждый рубль.",5,1.0,2026-04-19 20:00:00,Ноутбук Lenovo,user_032,Клиент_32,+79491898762,1,0,0.39880526,1.4469551
498,"Средненько, колонка работает, но есть нюансы.",3,,2026-04-20 12:00:00,Колонка JBL,user_019,Клиент_19,+79298521325,0,0,0.16021538,-1.0336592
347,"Отличный планшет, очень доволен покупкой!",4,1.0,2026-04-20 14:00:00,Планшет Samsung,user_040,Клиент_40,+79466521647,1,0,1.3378626,2.185607
55,"Лучший электрочайник из всех, что были у меня.",4,1.0,2026-04-20 18:00:00,Электрочайник Bosch,user_025,Клиент_25,+79284713143,3,0,-0.6787192,-0.18448372
203,"Супер наушники! За эти деньги — лучшее, что есть.",5,1.0,2026-04-20 18:00:00,Наушники Sony,user_037,Клиент_37,+79109861116,3,0,-0.762879,0.14016922
114,"Ужасное качество, смартфон сломался через неделю.",2,0.0,2026-04-20 20:00:00,Смартфон Xiaomi,user_033,Клиент_33,+79051698804,1,0,3.1110914,-0.6514576
398,"Пользуюсь робот-пылесос месяц, нареканий ноль.",5,1.0,2026-04-21 01:00:00,Робот-пылесос Xiaomi,user_036,Клиент_36,+79752858697,0,0,0.55024797,-1.4110649
42,"Супер планшет! За эти деньги — лучшее, что есть.",5,1.0,2026-04-21 02:00:00,Планшет Samsung,user_030,Клиент_30,+79734419922,3,0,-0.38904592,0.5216462
202,"Купил робот-пылесос жене, она в восторге.",4,1.0,2026-04-21 02:00:00,Робот-пылесос Xiaomi,user_010,Клиент_10,+79242218729,4,0,-1.4729884,-0.49353758
566,"ноутбук как ноутбук, ожидал большего.",3,,2026-04-21 09:00:00,Ноутбук Lenovo,user_002,Клиент_2,+79964998678,1,0,1.4165176,0.50930077
524,"Идеальное соотношение цены и качества, наушники топ.",4,1.0,2026-04-21 11:00:00,Наушники Sony,user_002,Клиент_2,+79499003621,3,0,-0.69804513,1.087757
191,"Прекрасная вещь, планшет оправдал каждый рубль.",5,1.0,2026-04-21 15:00:00,Планшет Samsung,user_016,Клиент_16,+79405653174,1,0,0.55656874,1.2457974
195,"Лучший умные из всех, что были у меня.",5,1.0,2026-04-21 15:00:00,Умные часы Apple,user_016,Клиент_16,+79623872192,3,0,-0.85793144,-0.2143297
295,"Обычный кофемашина, без восторга и без жалоб.",3,,2026-04-21 23:00:00,Кофемашина DeLonghi,user_015,Клиент_15,+79846085700,2,0,-0.76839095,-0.37310028
426,"робот-пылесос превзошёл ожидания, рекомендую всем.",4,1.0,2026-04-22 04:00:00,Робот-пылесос Xiaomi,user_033,Клиент_33,+79652268685,3,0,-0.58032113,-0.511358
11,"Супер фитнес-браслет! За эти деньги — лучшее, что есть.",5,1.0,2026-04-22 06:00:00,Фитнес-браслет Honor,user_010,Клиент_10,+79676730855,3,0,-0.9075584,-0.086387634
422,"Отвратительная сборка, наушники развалился сразу.",2,0.0,2026-04-22 06:00:00,Наушники Sony,user_028,Клиент_28,+79061090927,0,0,1.2612002,-2.1345408
593,"Супер планшет! За эти деньги — лучшее, что есть.",5,1.0,2026-04-22 14:00:00,Планшет Samsung,user_003,Клиент_3,+79736173386,3,0,-0.38904592,0.5216462
209,"Брак с завода, колонка вернул обратно.",2,0.0,2026-04-22 17:00:00,Колонка JBL,user_005,Клиент_5,+79383380858,0,0,-0.18872595,-1.5899462
337,"Замечательное качество, робот-пылесос работает безупречно.",5,1.0,2026-04-22 17:00:00,Робот-пылесос Xiaomi,user_011,Клиент_11,+79551996518,3,0,-0.8820272,0.12080863
94,"Прекрасная вещь, наушники оправдал каждый рубль.",5,1.0,2026-04-23 00:00:00,Наушники Sony,user_001,Клиент_1,+79002406931,3,0,-0.7100328,-0.07354845
159,"Прекрасная вещь, робот-пылесос оправдал каждый рубль.",5,1.0,2026-04-23 06:00:00,Робот-пылесос Xiaomi,user_032,Клиент_32,+79462666613,3,0,-1.1276686,-0.51051897
309,"кофемашина как кофемашина, ожидал большего.",3,,2026-04-23 09:00:00,Кофемашина DeLonghi,user_002,Клиент_2,+79309422865,2,0,-1.2686031,-1.1293006
417,"Лучший колонка из всех, что были у меня.",5,1.0,2026-04-23 13:00:00,Колонка JBL,user_032,Клиент_32,+79953422174,3,0,-0.8642667,0.088133946
108,"Супер робот-пылесос! За эти деньги — лучшее, что есть.",4,1.0,2026-04-24 00:00:00,Робот-пылесос Xiaomi,user_012,Клиент_12,+79415295478,3,0,-0.8537417,-0.24004439
592,"Супер робот-пылесос! За эти деньги — лучшее, что есть.",5,1.0,2026-04-24 09:00:00,Робот-пылесос Xiaomi,user_023,Клиент_23,+79242648745,3,0,-0.8537417,-0.24004439
482,"Обычный фитнес-браслет, без восторга и без жалоб.",3,,2026-04-24 10:00:00,Фитнес-браслет Honor,user_031,Клиент_31,+79327663516,3,0,-0.17782865,-0.6136628
292,"Лучший ноутбук из всех, что были у меня.",4,1.0,2026-04-24 13:00:00,Ноутбук Lenovo,user_040,Клиент_40,+79006549495,1,0,0.8805188,2.0451279
560,"Брак с завода, смартфон вернул обратно.",2,0.0,2026-04-24 13:00:00,Смартфон Xiaomi,user_040,Клиент_40,+79214163310,1,0,1.7210042,-0.14650862
526,"Прекрасная вещь, ноутбук оправдал каждый рубль.",5,1.0,2026-04-24 16:00:00,Ноутбук Lenovo,user_031,Клиент_31,+79268447226,1,0,0.39880526,1.4469551
502,"Лучший ноутбук из всех, что были у меня.",4,1.0,2026-04-24 19:00:00,Ноутбук Lenovo,user_015,Клиент_15,+79057398692,1,0,0.8805188,2.0451279
311,"Отличный ноутбук, очень доволен покупкой!",4,1.0,2026-04-24 20:00:00,Ноутбук Lenovo,user_023,Клиент_23,+79704575099,1,0,0.7953591,2.2295003
356,"Замечательное качество, колонка работает безупречно.",5,1.0,2026-04-24 21:00:00,Колонка JBL,user_031,Клиент_31,+79133694777,3,0,-1.1045512,0.87226933
49,"Очень плохо, ноутбук перегревается и тормозит.",2,0.0,2026-04-25 01:00:00,Ноутбук Lenovo,user_016,Клиент_16,+79963708537,1,0,2.6756656,-0.52681166
304,"Великолепный колонка, упаковка целая, доставка быстрая.",4,1.0,2026-04-25 05:00:00,Колонка JBL,user_018,Клиент_18,+79136168061,3,0,-0.78632396,0.5039079
241,"Лучший наушники из всех, что были у меня.",5,1.0,2026-04-25 07:00:00,Наушники Sony,user_034,Клиент_34,+79929803838,3,0,-0.5055064,0.11944477
220,"Нормальный электрочайник, ничего особенного.",3,,2026-04-25 08:00:00,Электрочайник Bosch,user_003,Клиент_3,+79786918023,0,0,0.18837255,-0.97108394
405,"Идеальное соотношение цены и качества, планшет топ.",4,1.0,2026-04-25 22:00:00,Планшет Samsung,user_020,Клиент_20,+79945757917,1,0,0.51919895,1.9764826
487,"Нормальный электрочайник, ничего особенного.",3,,2026-04-25 22:00:00,Электрочайник Bosch,user_005,Клиент_5,+79346074761,0,0,0.18837255,-0.97108394
334,"Прекрасная вещь, кофемашина оправдал каждый рубль.",5,1.0,2026-04-25 23:00:00,Кофемашина DeLonghi,user_029,Клиент_29,+79366391619,2,0,-1.7910928,-0.19286884
188,"Купил планшет жене, она в восторге.",4,1.0,2026-04-26 02:00:00,Планшет Samsung,user_031,Клиент_31,+79886916705,4,0,-0.19563323,0.6868624
39,"Обычный электрочайник, без восторга и без жалоб.",3,,2026-04-26 04:00:00,Электрочайник Bosch,user_007,Клиент_7,+79521404195,0,0,-0.10575819,-0.52663654
453,"Пользуюсь ноутбук месяц, нареканий ноль.",5,1.0,2026-04-26 07:00:00,Ноутбук Lenovo,user_001,Клиент_1,+79976412354,1,0,1.901153,-0.11857592
600,"Отличный электрочайник, очень доволен покупкой!",5,1.0,2026-04-26 09:00:00,Электрочайник Bosch,user_038,Клиент_38,+79868663408,3,0,-0.94414073,0.3659001
436,"Прекрасная вещь, смартфон оправдал каждый рубль.",5,1.0,2026-04-26 14:00:00,Смартфон Xiaomi,user_020,Клиент_20,+79416743471,1,0,0.67936885,1.476841
239,"робот-пылесос превзошёл ожидания, рекомендую всем.",4,1.0,2026-04-26 20:00:00,Робот-пылесос Xiaomi,user_035,Клиент_35,+79323899940,3,0,-0.58032113,-0.511358
552,"Замечательное качество, колонка работает безупречно.",4,1.0,2026-04-27 02:00:00,Колонка JBL,user_010,Клиент_10,+79331333757,3,0,-1.1045512,0.87226933
412,"Обычный наушники, без восторга и без жалоб.",3,,2026-04-27 12:00:00,Наушники Sony,user_007,Клиент_7,+79745428815,3,0,0.12938206,-0.38620293
546,"Прекрасная вещь, кофемашина оправдал каждый рубль.",5,1.0,2026-04-27 12:00:00,Кофемашина DeLonghi,user_002,Клиент_2,+79607999268,2,0,-1.7910931,-0.19286875
385,"Купил смартфон жене, она в восторге.",4,1.0,2026-04-27 20:00:00,Смартфон Xiaomi,user_003,Клиент_3,+79357747351,4,0,-0.24501179,0.686973
427,"Лучший кофемашина из всех, что были у меня.",4,1.0,2026-04-27 20:00:00,Кофемашина DeLonghi,user_020,Клиент_20,+79553702446,2,0,-1.5450792,-0.018631993
313,"Нормальный ноутбук, ничего особенного.",3,,2026-04-28 04:00:00,Ноутбук Lenovo,user_004,Клиент_4,+79668805726,1,0,1.4823613,0.63024753
583,"Лучший колонка из всех, что были у меня.",5,1.0,2026-04-28 08:00:00,Колонка JBL,user_010,Клиент_10,+79579386417,3,0,-0.8642667,0.088133946
297,"Отличный электрочайник, очень доволен покупкой!",5,1.0,2026-04-28 19:00:00,Электрочайник Bosch,user_035,Клиент_35,+79842688483,3,0,-0.94414073,0.3659001
200,"Средненько, планшет работает, но есть нюансы.",3,,2026-04-29 04:00:00,Планшет Samsung,user_020,Клиент_20,+79511513417,1,0,2.2283952,0.49144515
391,"Брак с завода, электрочайник вернул обратно.",2,0.0,2026-04-29 04:00:00,Электрочайник Bosch,user_037,Клиент_37,+79679297076,0,0,-0.09899098,-1.6983691
435,"Замечательное качество, колонка работает безупречно.",5,1.0,2026-04-29 04:00:00,Колонка JBL,user_023,Клиент_23,+79781703405,3,0,-1.1045512,0.87226933
460,"Лучший колонка из всех, что были у меня.",4,1.0,2026-04-29 06:00:00,Колонка JBL,user_036,Клиент_36,+79497534330,3,0,-0.8642667,0.088133946
288,"Супер умные! За эти деньги — лучшее, что есть.",4,1.0,2026-04-29 08:00:00,Умные часы Apple,user_003,Клиент_3,+79375789295,3,0,-0.9454479,0.18099497
68,"Великолепный умные, упаковка целая, доставка быстрая.",4,1.0,2026-04-29 20:00:00,Умные часы Apple,user_034,Клиент_34,+79458057239,3,0,-0.8443633,0.59072787
96,"Не покупайте робот-пылесос, ужас.",1,0.0,2026-04-29 22:00:00,Робот-пылесос Xiaomi,user_005,Клиент_5,+79768615150,0,0,0.5804079,-1.9381956
480,"Брак с завода, кофемашина вернул обратно.",2,0.0,2026-04-30 09:00:00,Кофемашина DeLonghi,user_035,Клиент_35,+79046933075,2,0,-0.6856921,-1.6480927
358,"смартфон как смартфон, ожидал большего.",3,,2026-04-30 10:00:00,Смартфон Xiaomi,user_028,Клиент_28,+79257980515,1,0,1.8395354,0.63540393
381,"Прекрасная вещь, кофемашина оправдал каждый рубль.",4,1.0,2026-04-30 11:00:00,Кофемашина DeLonghi,user_036,Клиент_36,+79773711882,2,0,-1.7910931,-0.19286875
599,"Замечательное качество, умные работает безупречно.",5,1.0,2026-04-30 11:00:00,Умные часы Apple,user_035,Клиент_35,+79172492794,3,0,-1.0115961,0.6709178
62,"Супер фитнес-браслет! За эти деньги — лучшее, что есть.",4,1.0,2026-04-30 12:00:00,Фитнес-браслет Honor,user_030,Клиент_30,+79868133860,3,0,-0.9075584,-0.086387634
134,"Купил фитнес-браслет жене, она в восторге.",4,1.0,2026-04-30 18:00:00,Фитнес-браслет Honor,user_027,Клиент_27,+79895635709,4,0,-1.381835,-0.27463654
503,"Великолепный планшет, упаковка целая, доставка быстрая.",5,1.0,2026-04-30 19:00:00,Планшет Samsung,user_019,Клиент_19,+79011835068,1,0,1.3402426,1.7844985
190,"Обычный колонка, без восторга и без жалоб.",3,,2026-04-30 21:00:00,Колонка JBL,user_010,Клиент_10,+79214083754,3,0,-0.22496383,-0.43849578
393,"Ужасное качество, ноутбук сломался через неделю.",1,0.0,2026-05-01 02:00:00,Ноутбук Lenovo,user_003,Клиент_3,+79022192878,1,0,2.7451055,-0.87793
181,"Очень плохо, смартфон перегревается и тормозит.",1,0.0,2026-05-01 13:00:00,Смартфон Xiaomi,user_024,Клиент_24,+79382142189,1,0,3.0798976,-0.51324916
601,"Отличный смартфон, рекомендую",5,1.0,2026-05-08 09:26:52,Смартфон Xiaomi,u_f0d062fc35,User_fc35,,1,0,1.2531053,1.7063177
